year,month,day,time,temp,precip,weather_code,cloud_cover,wind_speed,sunshine,minute,second,hour,month_day_time,temp_category,precip_category,cloud_cover_category,wind_speed_category,sunshine_category,state1
2010,1,1,2010-01-01 11:30:00,-1.2750000000000001,0.0,4.833333333333333,65.91666666666667,14.529166666666667,624.4604166666667,0.0,0.0,11.5,2000-01-01 11:30:00,Low,Low,Low,Medium,Medium,Low-Low
2010,1,2,2010-01-02 11:30:00,-1.4416666666666667,0.075,25.666666666666668,90.08333333333333,11.879166666666668,450.0,0.0,0.0,11.5,2000-01-02 11:30:00,Low,Medium,Medium,Medium,Medium,Low-Medium
2010,1,3,2010-01-03 11:30:00,-3.9791666666666665,0.10833333333333334,18.75,45.958333333333336,9.233333333333333,984.4358333333333,0.0,0.0,11.5,2000-01-03 11:30:00,Low,High,Low,Low,High,Low-High
2010,1,4,2010-01-04 11:30:00,-3.9625,0.0,2.9583333333333335,96.125,10.220833333333333,843.3154166666667,0.0,0.0,11.5,2000-01-04 11:30:00,Low,Low,High,Low,High,Low-Low
2010,1,5,2010-01-05 11:30:00,-1.5791666666666666,0.0,3.0,94.375,10.658333333333333,807.8874999999999,0.0,0.0,11.5,2000-01-05 11:30:00,Low,Low,High,Low,High,Low-Low
2010,1,6,2010-01-06 11:30:00,-2.8333333333333335,0.0,2.9583333333333335,94.75,5.458333333333333,879.14,0.0,0.0,11.5,2000-01-06 11:30:00,Low,Low,High,Low,High,Low-Low
2010,1,7,2010-01-07 11:30:00,-5.175,0.0,10.333333333333334,59.5,6.695833333333333,968.65625,0.0,0.0,11.5,2000-01-07 11:30:00,Low,Low,Low,Low,High,Low-Low
2010,1,8,2010-01-08 11:30:00,-5.820833333333334,0.0,2.25,73.25,15.429166666666667,693.5220833333333,0.0,0.0,11.5,2000-01-08 11:30:00,Low,Low,Medium,Medium,Medium,Low-Low
2010,1,9,2010-01-09 11:30:00,-2.1999999999999997,0.09166666666666667,51.166666666666664,98.875,24.695833333333336,0.0,0.0,0.0,11.5,2000-01-09 11:30:00,Low,High,High,High,Low,Low-High
2010,1,10,2010-01-10 11:30:00,-2.058333333333333,0.004166666666666667,19.625,84.08333333333333,12.795833333333334,296.1125,0.0,0.0,11.5,2000-01-10 11:30:00,Low,Medium,Medium,Medium,Medium,Low-Medium
2010,1,11,2010-01-11 11:30:00,-1.3833333333333335,0.0,2.9583333333333335,96.375,7.9624999999999995,82.74416666666667,0.0,0.0,11.5,2000-01-11 11:30:00,Low,Low,High,Low,Low,Low-Low
2010,1,12,2010-01-12 11:30:00,-2.4,0.004166666666666667,10.833333333333334,77.83333333333333,11.258333333333333,213.14083333333335,0.0,0.0,11.5,2000-01-12 11:30:00,Low,Medium,Medium,Low,Medium,Low-Medium
2010,1,13,2010-01-13 11:30:00,-1.4916666666666665,0.008333333333333333,13.791666666666666,82.54166666666667,15.504166666666665,2.455833333333333,0.0,0.0,11.5,2000-01-13 11:30:00,Low,Medium,Medium,Medium,Low,Low-Medium
2010,1,14,2010-01-14 11:30:00,0.7791666666666667,0.0,2.1666666666666665,69.58333333333333,9.833333333333334,801.33875,0.0,0.0,11.5,2000-01-14 11:30:00,Low,Low,Low,Low,High,Low-Low
2010,1,15,2010-01-15 11:30:00,-0.7000000000000001,0.0,2.375,80.625,7.6000000000000005,915.725,0.0,0.0,11.5,2000-01-15 11:30:00,Low,Low,Medium,Low,High,Low-Low
2010,1,16,2010-01-16 11:30:00,1.1166666666666667,0.4791666666666667,27.541666666666668,97.33333333333333,14.850000000000001,274.9783333333333,0.0,0.0,11.5,2000-01-16 11:30:00,Low,High,High,Medium,Medium,Low-High
2010,1,17,2010-01-17 11:30:00,3.9499999999999997,0.09166666666666667,16.708333333333332,87.375,13.458333333333334,604.965,0.0,0.0,11.5,2000-01-17 11:30:00,Medium,High,Medium,Medium,Medium,Medium-High
2010,1,18,2010-01-18 11:30:00,3.2916666666666665,0.0,2.875,94.75,12.25,0.0,0.0,0.0,11.5,2000-01-18 11:30:00,Medium,Low,High,Medium,Low,Medium-Low
2010,1,19,2010-01-19 11:30:00,3.966666666666667,0.025000000000000005,7.0,99.91666666666667,5.879166666666666,5.8741666666666665,0.0,0.0,11.5,2000-01-19 11:30:00,Medium,Medium,High,Low,Low,Medium-Medium
2010,1,20,2010-01-20 11:30:00,2.2291666666666665,0.0,3.0,97.45833333333333,11.841666666666667,254.88458333333332,0.0,0.0,11.5,2000-01-20 11:30:00,Medium,Low,High,Medium,Medium,Medium-Low
2010,1,21,2010-01-21 11:30:00,2.2083333333333335,0.0,2.9166666666666665,93.33333333333333,9.387500000000001,101.69083333333333,0.0,0.0,11.5,2000-01-21 11:30:00,Medium,Low,High,Low,Low,Medium-Low
2010,1,22,2010-01-22 11:30:00,3.183333333333333,0.0,2.9583333333333335,94.58333333333333,9.125,731.0799999999999,0.0,0.0,11.5,2000-01-22 11:30:00,Medium,Low,High,Low,Medium,Medium-Low
2010,1,23,2010-01-23 11:30:00,1.7874999999999999,0.075,19.5,99.79166666666667,10.429166666666667,0.0,0.0,0.0,11.5,2000-01-23 11:30:00,Medium,Medium,High,Low,Low,Medium-Medium
2010,1,24,2010-01-24 11:30:00,0.7166666666666667,0.04583333333333334,14.5,99.54166666666667,4.816666666666666,73.78208333333333,0.0,0.0,11.5,2000-01-24 11:30:00,Low,Medium,High,Low,Low,Low-Medium
2010,1,25,2010-01-25 11:30:00,-0.975,0.0,3.0,97.125,8.079166666666667,0.0,0.0,0.0,11.5,2000-01-25 11:30:00,Low,Low,High,Low,Low,Low-Low
2010,1,26,2010-01-26 11:30:00,-4.616666666666666,0.0,0.5416666666666666,17.958333333333332,11.875,1137.6029166666667,0.0,0.0,11.5,2000-01-26 11:30:00,Low,Low,Low,Medium,High,Low-Low
2010,1,27,2010-01-27 11:30:00,-3.1333333333333333,0.10416666666666667,24.333333333333332,80.625,14.5875,0.6062500000000001,0.0,0.0,11.5,2000-01-27 11:30:00,Low,High,Medium,Medium,Low,Low-High
2010,1,28,2010-01-28 11:30:00,1.7958333333333334,0.0625,20.25,66.33333333333333,16.370833333333334,1154.8591666666666,0.0,0.0,11.5,2000-01-28 11:30:00,Medium,Medium,Low,Medium,High,Medium-Medium
2010,1,29,2010-01-29 11:30:00,0.6833333333333332,0.3125,45.541666666666664,85.04166666666667,18.191666666666666,0.0,0.0,0.0,11.5,2000-01-29 11:30:00,Low,High,Medium,High,Low,Low-High
2010,1,30,2010-01-30 11:30:00,-0.7999999999999999,0.08333333333333333,28.0,71.45833333333333,13.420833333333334,1164.9345833333334,0.0,0.0,11.5,2000-01-30 11:30:00,Low,High,Medium,Medium,High,Low-High
2010,1,31,2010-01-31 11:30:00,-0.25833333333333336,0.004166666666666667,10.041666666666666,68.0,16.404166666666665,1169.9216666666666,0.0,0.0,11.5,2000-01-31 11:30:00,Low,Medium,Low,Medium,High,Low-Medium
2011,1,1,2011-01-01 11:30:00,1.7083333333333333,0.004166666666666667,4.291666666666667,75.70833333333333,11.641666666666666,108.10458333333334,0.0,0.0,11.5,2000-01-01 11:30:00,Low,Medium,Medium,Medium,Low,Low-Medium
2011,1,2,2011-01-02 11:30:00,-1.2166666666666666,0.0,0.4166666666666667,20.375,9.8375,979.3270833333332,0.0,0.0,11.5,2000-01-02 11:30:00,Low,Low,Low,Low,High,Low-Low
2011,1,3,2011-01-03 11:30:00,-1.9458333333333335,0.0,4.708333333333333,59.25,8.0625,971.5170833333333,0.0,0.0,11.5,2000-01-03 11:30:00,Low,Low,Low,Low,High,Low-Low
2011,1,4,2011-01-04 11:30:00,-2.1750000000000003,0.0,2.0416666666666665,68.33333333333333,12.816666666666668,986.83875,0.0,0.0,11.5,2000-01-04 11:30:00,Low,Low,Low,Medium,High,Low-Low
2011,1,5,2011-01-05 11:30:00,-0.5375,0.020833333333333332,6.208333333333333,73.29166666666667,17.766666666666666,900.0,0.0,0.0,11.5,2000-01-05 11:30:00,Low,Medium,Medium,High,High,Low-Medium
2011,1,6,2011-01-06 11:30:00,5.670833333333333,0.5208333333333334,40.666666666666664,100.0,16.554166666666667,0.0,0.0,0.0,11.5,2000-01-06 11:30:00,High,High,High,Medium,Low,High-High
2011,1,7,2011-01-07 11:30:00,5.766666666666667,0.07083333333333335,16.875,96.25,12.016666666666666,0.0,0.0,0.0,11.5,2000-01-07 11:30:00,High,Medium,High,Medium,Low,High-Medium
2011,1,8,2011-01-08 11:30:00,9.483333333333333,0.13749999999999998,28.666666666666668,83.33333333333333,23.045833333333334,292.0829166666667,0.0,0.0,11.5,2000-01-08 11:30:00,High,High,Medium,High,Medium,High-High
2011,1,9,2011-01-09 11:30:00,4.279166666666667,0.0375,9.916666666666666,63.458333333333336,13.1875,623.5508333333333,0.0,0.0,11.5,2000-01-09 11:30:00,Medium,Medium,Low,Medium,Medium,Medium-Medium
2011,1,10,2011-01-10 11:30:00,0.9041666666666667,0.0,1.25,41.458333333333336,12.049999999999999,928.9733333333334,0.0,0.0,11.5,2000-01-10 11:30:00,Low,Low,Low,Medium,High,Low-Low
2011,1,11,2011-01-11 11:30:00,3.4791666666666665,0.08333333333333333,13.125,96.16666666666667,19.095833333333335,0.0,0.0,0.0,11.5,2000-01-11 11:30:00,Medium,High,High,High,Low,Medium-High
2011,1,12,2011-01-12 11:30:00,5.479166666666667,0.37916666666666665,32.25,99.75,16.995833333333334,0.0,0.0,0.0,11.5,2000-01-12 11:30:00,High,High,High,Medium,Low,High-High
2011,1,13,2011-01-13 11:30:00,10.316666666666666,0.5166666666666667,36.75,100.0,18.224999999999998,0.0,0.0,0.0,11.5,2000-01-13 11:30:00,High,High,High,High,Low,High-High
2011,1,14,2011-01-14 11:30:00,10.391666666666667,0.3125,30.333333333333332,99.25,23.041666666666668,0.0,0.0,0.0,11.5,2000-01-14 11:30:00,High,High,High,High,Low,High-High
2011,1,15,2011-01-15 11:30:00,8.208333333333334,0.0,2.9166666666666665,96.58333333333333,21.304166666666667,0.0,0.0,0.0,11.5,2000-01-15 11:30:00,High,Low,High,High,Low,High-Low
2011,1,16,2011-01-16 11:30:00,9.104166666666666,0.0,1.875,60.208333333333336,18.291666666666668,623.9120833333333,0.0,0.0,11.5,2000-01-16 11:30:00,High,Low,Low,High,Medium,High-Low
2011,1,17,2011-01-17 11:30:00,7.629166666666666,0.07083333333333333,11.041666666666666,98.29166666666667,15.966666666666667,0.0,0.0,0.0,11.5,2000-01-17 11:30:00,High,Medium,High,Medium,Low,High-Medium
2011,1,18,2011-01-18 11:30:00,5.795833333333333,0.20833333333333334,23.583333333333332,94.20833333333333,9.495833333333334,87.53500000000001,0.0,0.0,11.5,2000-01-18 11:30:00,High,High,High,Low,Low,High-High
2011,1,19,2011-01-19 11:30:00,2.970833333333333,0.0625,9.916666666666666,54.5,10.887500000000001,1044.5858333333333,0.0,0.0,11.5,2000-01-19 11:30:00,Medium,Medium,Low,Low,High,Medium-Medium
2011,1,20,2011-01-20 11:30:00,1.3833333333333335,0.020833333333333332,5.708333333333333,51.416666666666664,11.674999999999999,1013.5225,0.0,0.0,11.5,2000-01-20 11:30:00,Low,Medium,Low,Medium,High,Low-Medium
2011,1,21,2011-01-21 11:30:00,0.004166666666666652,0.0,2.625,85.125,6.1875,280.34791666666666,0.0,0.0,11.5,2000-01-21 11:30:00,Low,Low,Medium,Low,Medium,Low-Low
2011,1,22,2011-01-22 11:30:00,3.5583333333333336,0.004166666666666667,5.0,98.95833333333333,10.200000000000001,201.1783333333333,0.0,0.0,11.5,2000-01-22 11:30:00,Medium,Medium,High,Low,Medium,Medium-Medium
2011,1,23,2011-01-23 11:30:00,4.029166666666667,0.0,3.0,100.0,11.354166666666666,70.99875,0.0,0.0,11.5,2000-01-23 11:30:00,Medium,Low,High,Low,Low,Medium-Low
2011,1,24,2011-01-24 11:30:00,3.9916666666666667,0.041666666666666664,12.666666666666666,83.08333333333333,10.945833333333333,451.8233333333333,0.0,0.0,11.5,2000-01-24 11:30:00,Medium,Medium,Medium,Low,Medium,Medium-Medium
2011,1,25,2011-01-25 11:30:00,3.2416666666666667,0.19166666666666665,22.291666666666668,92.5,15.8375,444.14124999999996,0.0,0.0,11.5,2000-01-25 11:30:00,Medium,High,High,Medium,Medium,Medium-High
2011,1,26,2011-01-26 11:30:00,1.0958333333333334,0.0,2.0,65.66666666666667,8.666666666666666,726.9237499999999,0.0,0.0,11.5,2000-01-26 11:30:00,Low,Low,Low,Low,Medium,Low-Low
2011,1,27,2011-01-27 11:30:00,-0.5125000000000001,0.0,1.6666666666666667,51.416666666666664,15.316666666666668,950.03375,0.0,0.0,11.5,2000-01-27 11:30:00,Low,Low,Low,Medium,High,Low-Low
2011,1,28,2011-01-28 11:30:00,-1.3416666666666668,0.0,0.625,19.416666666666668,15.429166666666667,1116.4116666666666,0.0,0.0,11.5,2000-01-28 11:30:00,Low,Low,Low,Medium,High,Low-Low
2011,1,29,2011-01-29 11:30:00,-2.120833333333333,0.0,0.0,4.5,10.4375,1158.8866666666665,0.0,0.0,11.5,2000-01-29 11:30:00,Low,Low,Low,Low,High,Low-Low
2011,1,30,2011-01-30 11:30:00,-2.3333333333333335,0.0,1.6666666666666667,52.0,11.441666666666668,1163.9091666666666,0.0,0.0,11.5,2000-01-30 11:30:00,Low,Low,Low,Low,High,Low-Low
2011,1,31,2011-01-31 11:30:00,-2.9916666666666667,0.0,3.0,97.29166666666667,5.179166666666666,13.940416666666666,0.0,0.0,11.5,2000-01-31 11:30:00,Low,Low,High,Low,Low,Low-Low
2012,1,1,2012-01-01 11:30:00,11.35,0.23750000000000002,29.5,100.0,22.9375,0.0,0.0,0.0,11.5,2000-01-01 11:30:00,High,High,High,High,Low,High-High
2012,1,2,2012-01-02 11:30:00,7.408333333333334,0.1875,20.916666666666668,68.5,17.8875,470.41541666666666,0.0,0.0,11.5,2000-01-02 11:30:00,High,High,Low,High,Medium,High-High
2012,1,3,2012-01-03 11:30:00,7.370833333333334,0.22083333333333333,19.041666666666668,74.33333333333333,33.291666666666664,0.0,0.0,0.0,11.5,2000-01-03 11:30:00,High,High,Medium,High,Low,High-High
2012,1,4,2012-01-04 11:30:00,6.108333333333333,0.13749999999999998,14.333333333333334,66.5,27.333333333333332,834.75,0.0,0.0,11.5,2000-01-04 11:30:00,High,High,Low,High,High,High-High
2012,1,5,2012-01-05 11:30:00,6.8625,0.5125000000000001,34.458333333333336,73.33333333333333,35.52916666666667,671.9658333333333,0.0,0.0,11.5,2000-01-05 11:30:00,High,High,Medium,High,Medium,High-High
2012,1,6,2012-01-06 11:30:00,5.45,0.03333333333333333,9.916666666666666,55.666666666666664,21.558333333333334,940.0754166666667,0.0,0.0,11.5,2000-01-06 11:30:00,High,Medium,Low,High,High,High-Medium
2012,1,7,2012-01-07 11:30:00,6.466666666666666,0.1625,29.0,67.29166666666667,23.191666666666666,925.9454166666666,0.0,0.0,11.5,2000-01-07 11:30:00,High,High,Low,High,High,High-High
2012,1,8,2012-01-08 11:30:00,5.729166666666667,0.05833333333333334,18.25,64.125,15.970833333333333,879.0841666666666,0.0,0.0,11.5,2000-01-08 11:30:00,High,Medium,Low,Medium,High,High-Medium
2012,1,9,2012-01-09 11:30:00,7.241666666666667,0.049999999999999996,12.75,88.41666666666667,14.416666666666666,582.4420833333334,0.0,0.0,11.5,2000-01-09 11:30:00,High,Medium,Medium,Medium,Medium,High-Medium
2012,1,10,2012-01-10 11:30:00,7.2749999999999995,0.0,2.5833333333333335,82.58333333333333,10.987499999999999,278.43416666666667,0.0,0.0,11.5,2000-01-10 11:30:00,High,Low,Medium,Low,Medium,High-Low
2012,1,11,2012-01-11 11:30:00,8.049999999999999,0.0,2.9583333333333335,97.375,14.325000000000001,11.35875,0.0,0.0,11.5,2000-01-11 11:30:00,High,Low,High,Medium,Low,High-Low
2012,1,12,2012-01-12 11:30:00,7.429166666666667,0.049999999999999996,8.25,74.0,21.608333333333334,0.0,0.0,0.0,11.5,2000-01-12 11:30:00,High,Medium,Medium,High,Low,High-Medium
2012,1,13,2012-01-13 11:30:00,3.733333333333333,0.008333333333333333,3.0416666666666665,37.458333333333336,14.741666666666667,1003.1566666666666,0.0,0.0,11.5,2000-01-13 11:30:00,Medium,Medium,Low,Medium,High,Medium-Medium
2012,1,14,2012-01-14 11:30:00,2.1374999999999997,0.0,1.8333333333333333,61.708333333333336,8.229166666666666,975.06625,0.0,0.0,11.5,2000-01-14 11:30:00,Medium,Low,Low,Low,High,Medium-Low
2012,1,15,2012-01-15 11:30:00,0.6749999999999999,0.0,0.9166666666666666,31.75,7.466666666666666,970.5558333333333,0.0,0.0,11.5,2000-01-15 11:30:00,Low,Low,Low,Low,High,Low-Low
2012,1,16,2012-01-16 11:30:00,-0.49583333333333335,0.0,0.20833333333333334,10.333333333333334,8.987499999999999,1031.6625000000001,0.0,0.0,11.5,2000-01-16 11:30:00,Low,Low,Low,Low,High,Low-Low
2012,1,17,2012-01-17 11:30:00,-0.7541666666666668,0.0,1.875,57.041666666666664,7.366666666666667,1044.6341666666667,0.0,0.0,11.5,2000-01-17 11:30:00,Low,Low,Low,Low,High,Low-Low
2012,1,18,2012-01-18 11:30:00,2.058333333333333,0.125,18.958333333333332,88.83333333333333,17.8,180.0979166666667,0.0,0.0,11.5,2000-01-18 11:30:00,Medium,High,Medium,High,Medium,Medium-High
2012,1,19,2012-01-19 11:30:00,7.358333333333333,0.7583333333333333,35.75,88.41666666666667,18.599999999999998,6.205416666666667,0.0,0.0,11.5,2000-01-19 11:30:00,High,High,Medium,High,Low,High-High
2012,1,20,2012-01-20 11:30:00,3.595833333333333,0.15,24.958333333333332,81.95833333333333,18.695833333333333,493.64958333333334,0.0,0.0,11.5,2000-01-20 11:30:00,Medium,High,Medium,High,Medium,Medium-High
2012,1,21,2012-01-21 11:30:00,6.466666666666666,0.24166666666666667,34.916666666666664,87.125,24.4875,79.12083333333332,0.0,0.0,11.5,2000-01-21 11:30:00,High,High,Medium,High,Low,High-High
2012,1,22,2012-01-22 11:30:00,5.95,0.08333333333333333,18.125,55.583333333333336,25.816666666666666,461.8120833333333,0.0,0.0,11.5,2000-01-22 11:30:00,High,High,Low,High,Medium,High-High
2012,1,23,2012-01-23 11:30:00,4.1375,0.0625,18.041666666666668,53.666666666666664,14.816666666666668,1016.2220833333332,0.0,0.0,11.5,2000-01-23 11:30:00,Medium,Medium,Low,Medium,High,Medium-Medium
2012,1,24,2012-01-24 11:30:00,2.716666666666667,0.012500000000000002,8.416666666666666,79.33333333333333,9.295833333333333,387.4483333333333,0.0,0.0,11.5,2000-01-24 11:30:00,Medium,Medium,Medium,Low,Medium,Medium-Medium
2012,1,25,2012-01-25 11:30:00,3.8083333333333336,0.004166666666666667,5.0,98.54166666666667,11.554166666666667,11.9,0.0,0.0,11.5,2000-01-25 11:30:00,Medium,Medium,High,Low,Low,Medium-Medium
2012,1,26,2012-01-26 11:30:00,6.029166666666666,0.19583333333333333,27.208333333333332,94.54166666666667,15.1875,3.43125,0.0,0.0,11.5,2000-01-26 11:30:00,High,High,High,Medium,Low,High-High
2012,1,27,2012-01-27 11:30:00,3.733333333333333,0.03333333333333333,8.125,61.458333333333336,11.966666666666667,1117.9029166666667,0.0,0.0,11.5,2000-01-27 11:30:00,Medium,Medium,Low,Medium,High,Medium-Medium
2012,1,28,2012-01-28 11:30:00,1.6708333333333334,0.03333333333333333,10.583333333333334,74.95833333333333,8.420833333333333,1145.24875,0.0,0.0,11.5,2000-01-28 11:30:00,Low,Medium,Medium,Low,High,Low-Medium
2012,1,29,2012-01-29 11:30:00,-0.7166666666666667,0.0,3.0,99.41666666666667,11.245833333333332,0.0,0.0,0.0,11.5,2000-01-29 11:30:00,Low,Low,High,Low,Low,Low-Low
2012,1,30,2012-01-30 11:30:00,-1.1125,0.12916666666666668,65.33333333333333,98.5,5.833333333333333,0.0,0.0,0.0,11.5,2000-01-30 11:30:00,Low,High,High,Low,Low,Low-High
2012,1,31,2012-01-31 11:30:00,-2.8333333333333335,0.0,0.4166666666666667,14.583333333333334,15.929166666666667,1167.9808333333333,0.0,0.0,11.5,2000-01-31 11:30:00,Low,Low,Low,Medium,High,Low-Low
2013,1,1,2013-01-01 11:30:00,6.470833333333334,0.31666666666666665,28.916666666666668,67.875,18.704166666666666,443.2629166666666,0.0,0.0,11.5,2000-01-01 11:30:00,High,High,Low,High,Medium,High-High
2013,1,2,2013-01-02 11:30:00,5.408333333333334,0.016666666666666666,6.208333333333333,67.41666666666667,14.174999999999999,712.2979166666668,0.0,0.0,11.5,2000-01-02 11:30:00,High,Medium,Low,Medium,Medium,High-Medium
2013,1,3,2013-01-03 11:30:00,9.15,0.09999999999999999,17.166666666666668,100.0,17.558333333333334,0.0,0.0,0.0,11.5,2000-01-03 11:30:00,High,High,High,High,Low,High-High
2013,1,4,2013-01-04 11:30:00,9.104166666666666,0.0,3.0,100.0,14.291666666666666,0.0,0.0,0.0,11.5,2000-01-04 11:30:00,High,Low,High,Medium,Low,High-Low
2013,1,5,2013-01-05 11:30:00,8.020833333333334,0.0,3.0,99.95833333333333,10.225,0.0,0.0,0.0,11.5,2000-01-05 11:30:00,High,Low,High,Low,Low,High-Low
2013,1,6,2013-01-06 11:30:00,8.220833333333333,0.0,3.0,99.79166666666667,11.0375,31.35875,0.0,0.0,11.5,2000-01-06 11:30:00,High,Low,High,Low,Low,High-Low
2013,1,7,2013-01-07 11:30:00,7.341666666666666,0.0,3.0,100.0,8.758333333333333,0.0,0.0,0.0,11.5,2000-01-07 11:30:00,High,Low,High,Low,Low,High-Low
2013,1,8,2013-01-08 11:30:00,6.458333333333333,0.0,3.0,100.0,13.254166666666668,0.0,0.0,0.0,11.5,2000-01-08 11:30:00,High,Low,High,Medium,Low,High-Low
2013,1,9,2013-01-09 11:30:00,5.5375000000000005,0.15416666666666665,15.666666666666666,99.20833333333333,13.554166666666667,0.0,0.0,0.0,11.5,2000-01-09 11:30:00,High,High,High,Medium,Low,High-High
2013,1,10,2013-01-10 11:30:00,4.433333333333334,0.04583333333333334,8.416666666666666,75.08333333333333,10.683333333333332,901.09125,0.0,0.0,11.5,2000-01-10 11:30:00,Medium,Medium,Medium,Low,High,Medium-Medium
2013,1,11,2013-01-11 11:30:00,-0.37083333333333335,0.008333333333333333,3.2916666666666665,44.125,7.1499999999999995,971.3708333333334,0.0,0.0,11.5,2000-01-11 11:30:00,Low,Medium,Low,Low,High,Low-Medium
2013,1,12,2013-01-12 11:30:00,-1.5458333333333334,0.0,1.4166666666666667,43.958333333333336,12.045833333333334,1003.0925000000001,0.0,0.0,11.5,2000-01-12 11:30:00,Low,Low,Low,Medium,High,Low-Low
2013,1,13,2013-01-13 11:30:00,-1.875,0.0,2.0833333333333335,65.33333333333333,13.9375,1002.6125000000001,0.0,0.0,11.5,2000-01-13 11:30:00,Low,Low,Low,Medium,High,Low-Low
2013,1,14,2013-01-14 11:30:00,-2.7916666666666665,0.008333333333333333,5.083333333333333,74.08333333333333,8.841666666666667,589.45125,0.0,0.0,11.5,2000-01-14 11:30:00,Low,Medium,Medium,Low,Medium,Low-Medium
2013,1,15,2013-01-15 11:30:00,-1.9458333333333335,0.275,66.0,99.5,12.512500000000001,0.0,0.0,0.0,11.5,2000-01-15 11:30:00,Low,High,High,Medium,Low,Low-High
2013,1,16,2013-01-16 11:30:00,-4.658333333333333,0.0,5.25,76.75,8.141666666666667,1012.42625,0.0,0.0,11.5,2000-01-16 11:30:00,Low,Low,Medium,Low,High,Low-Low
2013,1,17,2013-01-17 11:30:00,-4.1000000000000005,0.0,2.9166666666666665,89.33333333333333,6.970833333333334,162.76458333333332,0.0,0.0,11.5,2000-01-17 11:30:00,Low,Low,Medium,Low,Medium,Low-Low
2013,1,18,2013-01-18 11:30:00,-2.9375,0.0,2.7916666666666665,88.25,13.108333333333334,1017.3529166666667,0.0,0.0,11.5,2000-01-18 11:30:00,Low,Low,Medium,Medium,High,Low-Low
2013,1,19,2013-01-19 11:30:00,-4.170833333333333,0.0,2.8333333333333335,92.41666666666667,18.820833333333333,1041.7295833333335,0.0,0.0,11.5,2000-01-19 11:30:00,Low,Low,High,High,High,Low-Low
2013,1,20,2013-01-20 11:30:00,-4.179166666666666,0.15,46.0,99.41666666666667,18.849999999999998,0.0,0.0,0.0,11.5,2000-01-20 11:30:00,Low,High,High,High,Low,Low-High
2013,1,21,2013-01-21 11:30:00,-1.7833333333333332,0.02916666666666667,31.083333333333332,87.33333333333333,9.241666666666667,681.465,0.0,0.0,11.5,2000-01-21 11:30:00,Low,Medium,Medium,Low,Medium,Low-Medium
2013,1,22,2013-01-22 11:30:00,-3.625,0.0,2.3333333333333335,76.16666666666667,6.941666666666666,732.27625,0.0,0.0,11.5,2000-01-22 11:30:00,Low,Low,Medium,Low,Medium,Low-Low
2013,1,23,2013-01-23 11:30:00,-4.979166666666667,0.0,1.75,55.083333333333336,9.045833333333333,1114.0125,0.0,0.0,11.5,2000-01-23 11:30:00,Low,Low,Low,Low,High,Low-Low
2013,1,24,2013-01-24 11:30:00,-3.8666666666666667,0.0,2.7916666666666665,86.125,10.674999999999999,193.59416666666667,0.0,0.0,11.5,2000-01-24 11:30:00,Low,Low,Medium,Low,Medium,Low-Low
2013,1,25,2013-01-25 11:30:00,-3.5375,0.0,2.875,90.66666666666667,8.183333333333334,634.4029166666667,0.0,0.0,11.5,2000-01-25 11:30:00,Low,Low,Medium,Low,Medium,Low-Low
2013,1,26,2013-01-26 11:30:00,-2.2333333333333334,0.025000000000000005,14.291666666666666,95.16666666666667,15.012500000000001,77.17,0.0,0.0,11.5,2000-01-26 11:30:00,Low,Medium,High,Medium,Low,Low-Medium
2013,1,27,2013-01-27 11:30:00,3.1750000000000003,0.15,15.458333333333334,93.04166666666667,22.825,15.33875,0.0,0.0,11.5,2000-01-27 11:30:00,Medium,High,High,High,Low,Medium-High
2013,1,28,2013-01-28 11:30:00,3.920833333333333,0.049999999999999996,10.25,71.04166666666667,20.958333333333332,718.2041666666668,0.0,0.0,11.5,2000-01-28 11:30:00,Medium,Medium,Medium,High,Medium,Medium-Medium
2013,1,29,2013-01-29 11:30:00,9.758333333333333,0.25,25.833333333333332,100.0,25.84583333333333,0.0,0.0,0.0,11.5,2000-01-29 11:30:00,High,High,High,High,Low,High-High
2013,1,30,2013-01-30 11:30:00,10.466666666666667,0.32916666666666666,17.458333333333332,62.291666666666664,29.933333333333334,566.5175,0.0,0.0,11.5,2000-01-30 11:30:00,High,High,Low,High,Medium,High-High
2013,1,31,2013-01-31 11:30:00,6.858333333333333,0.12083333333333333,14.75,78.75,27.40833333333333,203.26624999999999,0.0,0.0,11.5,2000-01-31 11:30:00,High,High,Medium,High,Medium,High-High
2014,1,1,2014-01-01 11:30:00,7.125,0.15833333333333333,18.458333333333332,72.41666666666667,21.820833333333336,626.7025,0.0,0.0,11.5,2000-01-01 11:30:00,High,High,Medium,High,Medium,High-High
2014,1,2,2014-01-02 11:30:00,8.454166666666667,0.18333333333333332,20.75,69.0,21.275000000000002,445.47208333333333,0.0,0.0,11.5,2000-01-02 11:30:00,High,High,Low,High,Medium,High-High
2014,1,3,2014-01-03 11:30:00,8.816666666666666,0.11666666666666668,20.5,70.875,25.53333333333333,407.4075,0.0,0.0,11.5,2000-01-03 11:30:00,High,High,Low,High,Medium,High-High
2014,1,4,2014-01-04 11:30:00,7.7124999999999995,0.06666666666666667,14.583333333333334,83.41666666666667,19.225,134.90708333333336,0.0,0.0,11.5,2000-01-04 11:30:00,High,Medium,Medium,High,Low,High-Medium
2014,1,5,2014-01-05 11:30:00,5.941666666666666,0.020833333333333332,8.208333333333334,73.0,18.099999999999998,899.00375,0.0,0.0,11.5,2000-01-05 11:30:00,High,Medium,Medium,High,High,High-Medium
2014,1,6,2014-01-06 11:30:00,11.3125,0.15833333333333333,22.916666666666668,83.79166666666667,27.504166666666666,193.28374999999997,0.0,0.0,11.5,2000-01-06 11:30:00,High,High,Medium,High,Medium,High-High
2014,1,7,2014-01-07 11:30:00,10.1625,0.0,1.2916666666666667,44.625,23.291666666666668,946.8216666666667,0.0,0.0,11.5,2000-01-07 11:30:00,High,Low,Low,High,High,High-Low
2014,1,8,2014-01-08 11:30:00,8.941666666666666,0.09166666666666667,13.166666666666666,94.625,17.10833333333333,714.0233333333334,0.0,0.0,11.5,2000-01-08 11:30:00,High,High,High,Medium,Medium,High-High
2014,1,9,2014-01-09 11:30:00,9.120833333333334,0.2041666666666667,26.875,82.70833333333333,24.891666666666666,0.0,0.0,0.0,11.5,2000-01-09 11:30:00,High,High,Medium,High,Low,High-High
2014,1,10,2014-01-10 11:30:00,5.7124999999999995,0.0,1.3333333333333333,46.291666666666664,16.808333333333334,995.8933333333333,0.0,0.0,11.5,2000-01-10 11:30:00,High,Low,Low,Medium,High,High-Low
2014,1,11,2014-01-11 11:30:00,4.7749999999999995,0.020833333333333332,6.125,64.625,15.683333333333332,456.35999999999996,0.0,0.0,11.5,2000-01-11 11:30:00,Medium,Medium,Low,Medium,Medium,Medium-Medium
2014,1,12,2014-01-12 11:30:00,2.4375,0.0,2.0833333333333335,68.0,9.679166666666667,937.5625,0.0,0.0,11.5,2000-01-12 11:30:00,Medium,Low,Low,Low,High,Medium-Low
2014,1,13,2014-01-13 11:30:00,6.408333333333334,0.0,1.7083333333333333,54.375,15.608333333333334,830.2783333333333,0.0,0.0,11.5,2000-01-13 11:30:00,High,Low,Low,Medium,High,High-Low
2014,1,14,2014-01-14 11:30:00,4.7749999999999995,0.041666666666666664,10.5,79.66666666666667,11.104166666666666,121.63958333333335,0.0,0.0,11.5,2000-01-14 11:30:00,Medium,Medium,Medium,Low,Low,Medium-Medium
2014,1,15,2014-01-15 11:30:00,4.229166666666667,0.15,27.166666666666668,99.375,16.133333333333333,0.0,0.0,0.0,11.5,2000-01-15 11:30:00,Medium,High,High,Medium,Low,Medium-High
2014,1,16,2014-01-16 11:30:00,7.258333333333333,0.15416666666666665,21.083333333333332,85.75,17.379166666666666,0.0,0.0,0.0,11.5,2000-01-16 11:30:00,High,High,Medium,High,Low,High-High
2014,1,17,2014-01-17 11:30:00,7.45,0.14583333333333334,21.041666666666668,88.54166666666667,18.041666666666668,472.9591666666667,0.0,0.0,11.5,2000-01-17 11:30:00,High,High,Medium,High,Medium,High-High
2014,1,18,2014-01-18 11:30:00,6.733333333333333,0.0,2.875,93.29166666666667,13.616666666666667,924.0483333333333,0.0,0.0,11.5,2000-01-18 11:30:00,High,Low,High,Medium,High,High-Low
2014,1,19,2014-01-19 11:30:00,6.529166666666666,0.03333333333333333,13.0,99.54166666666667,9.762500000000001,323.03,0.0,0.0,11.5,2000-01-19 11:30:00,High,Medium,High,Low,Medium,High-Medium
2014,1,20,2014-01-20 11:30:00,4.229166666666667,0.09999999999999999,31.0,99.83333333333333,7.120833333333334,0.0,0.0,0.0,11.5,2000-01-20 11:30:00,Medium,High,High,Low,Low,Medium-High
2014,1,21,2014-01-21 11:30:00,3.8125,0.0,2.9583333333333335,97.5,6.166666666666667,231.78833333333333,0.0,0.0,11.5,2000-01-21 11:30:00,Medium,Low,High,Low,Medium,Medium-Low
2014,1,22,2014-01-22 11:30:00,2.625,0.0,2.9583333333333335,95.08333333333333,10.279166666666667,745.4383333333334,0.0,0.0,11.5,2000-01-22 11:30:00,Medium,Low,High,Low,Medium,Medium-Low
2014,1,23,2014-01-23 11:30:00,3.341666666666667,0.26666666666666666,22.333333333333332,97.29166666666667,12.270833333333334,0.0,0.0,0.0,11.5,2000-01-23 11:30:00,Medium,High,High,Medium,Low,Medium-High
2014,1,24,2014-01-24 11:30:00,3.3874999999999997,0.0,2.2083333333333335,68.58333333333333,7.608333333333333,1037.4154166666667,0.0,0.0,11.5,2000-01-24 11:30:00,Medium,Low,Low,Low,High,Medium-Low
2014,1,25,2014-01-25 11:30:00,2.9250000000000003,0.2041666666666667,13.833333333333334,99.5,14.591666666666667,39.985,0.0,0.0,11.5,2000-01-25 11:30:00,Medium,High,High,Medium,Low,Medium-High
2014,1,26,2014-01-26 11:30:00,4.8625,0.42500000000000004,26.625,82.41666666666667,20.375,484.6270833333333,0.0,0.0,11.5,2000-01-26 11:30:00,Medium,High,Medium,High,Medium,Medium-High
2014,1,27,2014-01-27 11:30:00,3.65,0.05416666666666667,12.458333333333334,77.04166666666667,18.766666666666666,760.9425,0.0,0.0,11.5,2000-01-27 11:30:00,Medium,Medium,Medium,High,High,Medium-Medium
2014,1,28,2014-01-28 11:30:00,3.6208333333333336,0.0,1.75,59.041666666666664,19.625,707.7970833333334,0.0,0.0,11.5,2000-01-28 11:30:00,Medium,Low,Low,High,Medium,Medium-Low
2014,1,29,2014-01-29 11:30:00,1.8083333333333333,0.0,2.3333333333333335,75.0,18.358333333333334,1160.0795833333334,0.0,0.0,11.5,2000-01-29 11:30:00,Medium,Low,Medium,High,High,Medium-Low
2014,1,30,2014-01-30 11:30:00,3.0083333333333333,0.0,2.2916666666666665,75.41666666666667,10.270833333333334,900.0,0.0,0.0,11.5,2000-01-30 11:30:00,Medium,Low,Medium,Low,High,Medium-Low
2014,1,31,2014-01-31 11:30:00,3.5833333333333335,0.0,2.0833333333333335,68.58333333333333,11.645833333333334,1095.0179166666667,0.0,0.0,11.5,2000-01-31 11:30:00,Medium,Low,Low,Medium,High,Medium-Low
2015,1,1,2015-01-01 11:30:00,1.3875,0.0,2.0833333333333335,70.04166666666667,19.125,781.13,0.0,0.0,11.5,2000-01-01 11:30:00,Low,Low,Low,High,High,Low-Low
2015,1,2,2015-01-02 11:30:00,6.020833333333333,0.08333333333333333,14.166666666666666,69.0,24.087500000000002,744.2429166666667,0.0,0.0,11.5,2000-01-02 11:30:00,High,High,Low,High,Medium,High-High
2015,1,3,2015-01-03 11:30:00,2.529166666666667,0.18333333333333335,25.375,97.45833333333333,12.858333333333334,0.0,0.0,0.0,11.5,2000-01-03 11:30:00,Medium,High,High,Medium,Low,Medium-High
2015,1,4,2015-01-04 11:30:00,2.795833333333334,0.0,1.125,40.416666666666664,11.770833333333334,986.99125,0.0,0.0,11.5,2000-01-04 11:30:00,Medium,Low,Low,Medium,High,Medium-Low
2015,1,5,2015-01-05 11:30:00,1.1375,0.0,2.125,65.95833333333333,10.816666666666668,899.7270833333333,0.0,0.0,11.5,2000-01-05 11:30:00,Low,Low,Low,Low,High,Low-Low
2015,1,6,2015-01-06 11:30:00,1.5083333333333335,0.0,2.875,90.66666666666667,11.85,738.8649999999999,0.0,0.0,11.5,2000-01-06 11:30:00,Low,Low,Medium,Medium,Medium,Low-Low
2015,1,7,2015-01-07 11:30:00,2.858333333333333,0.0,1.4166666666666667,50.041666666666664,15.658333333333333,990.6700000000001,0.0,0.0,11.5,2000-01-07 11:30:00,Medium,Low,Low,Medium,High,Medium-Low
2015,1,8,2015-01-08 11:30:00,6.070833333333333,0.8624999999999999,31.375,83.625,21.825,0.0,0.0,0.0,11.5,2000-01-08 11:30:00,High,High,Medium,High,Low,High-High
2015,1,9,2015-01-09 11:30:00,8.891666666666667,0.20833333333333334,14.083333333333334,99.83333333333333,29.7625,0.0,0.0,0.0,11.5,2000-01-09 11:30:00,High,High,High,High,Low,High-High
2015,1,10,2015-01-10 11:30:00,9.549999999999999,0.12083333333333333,9.458333333333334,95.625,31.179166666666664,0.0,0.0,0.0,11.5,2000-01-10 11:30:00,High,High,High,High,Low,High-High
2015,1,11,2015-01-11 11:30:00,4.675,0.05833333333333333,16.375,71.95833333333333,25.895833333333332,916.2729166666667,0.0,0.0,11.5,2000-01-11 11:30:00,Medium,Medium,Medium,High,High,Medium-Medium
2015,1,12,2015-01-12 11:30:00,8.004166666666666,0.0,3.0,99.91666666666667,29.525000000000002,0.0,0.0,0.0,11.5,2000-01-12 11:30:00,High,Low,High,High,Low,High-Low
2015,1,13,2015-01-13 11:30:00,8.920833333333333,0.375,22.291666666666668,80.0,26.429166666666664,0.0,0.0,0.0,11.5,2000-01-13 11:30:00,High,High,Medium,High,Low,High-High
2015,1,14,2015-01-14 11:30:00,4.033333333333333,0.19166666666666665,23.125,78.20833333333333,22.954166666666666,240.09208333333333,0.0,0.0,11.5,2000-01-14 11:30:00,Medium,High,Medium,High,Medium,Medium-High
2015,1,15,2015-01-15 11:30:00,7.8875,0.22083333333333333,37.333333333333336,99.66666666666667,31.65416666666667,0.0,0.0,0.0,11.5,2000-01-15 11:30:00,High,High,High,High,Low,High-High
2015,1,16,2015-01-16 11:30:00,5.341666666666666,0.029166666666666664,8.0,65.375,16.1875,735.4016666666666,0.0,0.0,11.5,2000-01-16 11:30:00,Medium,Medium,Low,Medium,Medium,Medium-Medium
2015,1,17,2015-01-17 11:30:00,2.004166666666667,0.029166666666666664,6.125,40.458333333333336,12.395833333333334,1046.32375,0.0,0.0,11.5,2000-01-17 11:30:00,Medium,Medium,Low,Medium,High,Medium-Medium
2015,1,18,2015-01-18 11:30:00,1.9708333333333332,0.31666666666666665,47.916666666666664,99.0,13.079166666666667,47.28458333333333,0.0,0.0,11.5,2000-01-18 11:30:00,Medium,High,High,Medium,Low,Medium-High
2015,1,19,2015-01-19 11:30:00,0.6958333333333333,0.1625,42.125,92.83333333333333,3.795833333333333,0.0,0.0,0.0,11.5,2000-01-19 11:30:00,Low,High,High,Low,Low,Low-High
2015,1,20,2015-01-20 11:30:00,0.5083333333333334,0.0,2.625,86.08333333333333,4.454166666666667,310.22375,0.0,0.0,11.5,2000-01-20 11:30:00,Low,Low,Medium,Low,Medium,Low-Low
2015,1,21,2015-01-21 11:30:00,0.25,0.0,2.4166666666666665,79.91666666666667,10.954166666666666,791.9549999999999,0.0,0.0,11.5,2000-01-21 11:30:00,Low,Low,Medium,Low,High,Low-Low
2015,1,22,2015-01-22 11:30:00,-0.26666666666666666,0.0,2.375,76.875,11.591666666666667,445.8645833333333,0.0,0.0,11.5,2000-01-22 11:30:00,Low,Low,Medium,Low,Medium,Low-Low
2015,1,23,2015-01-23 11:30:00,-0.5541666666666667,0.0,2.6666666666666665,83.79166666666667,7.391666666666667,937.2287500000001,0.0,0.0,11.5,2000-01-23 11:30:00,Low,Low,Medium,Low,High,Low-Low
2015,1,24,2015-01-24 11:30:00,0.975,0.29583333333333334,19.5,62.916666666666664,15.575000000000001,704.58875,0.0,0.0,11.5,2000-01-24 11:30:00,Low,High,Low,Medium,Medium,Low-High
2015,1,25,2015-01-25 11:30:00,2.1875,0.02916666666666667,10.625,86.625,10.833333333333334,0.0,0.0,0.0,11.5,2000-01-25 11:30:00,Medium,Medium,Medium,Low,Low,Medium-Medium
2015,1,26,2015-01-26 11:30:00,4.745833333333334,0.08333333333333333,16.75,85.70833333333333,15.258333333333333,0.0,0.0,0.0,11.5,2000-01-26 11:30:00,Medium,High,Medium,Medium,Low,Medium-High
2015,1,27,2015-01-27 11:30:00,3.4625,0.008333333333333333,4.041666666666667,62.041666666666664,12.541666666666666,687.5408333333334,0.0,0.0,11.5,2000-01-27 11:30:00,Medium,Medium,Low,Medium,Medium,Medium-Medium
2015,1,28,2015-01-28 11:30:00,4.2625,0.19583333333333333,15.583333333333334,84.91666666666667,24.175,0.0,0.0,0.0,11.5,2000-01-28 11:30:00,Medium,High,Medium,High,Low,Medium-High
2015,1,29,2015-01-29 11:30:00,2.091666666666667,0.27499999999999997,40.666666666666664,76.79166666666667,20.079166666666666,930.93375,0.0,0.0,11.5,2000-01-29 11:30:00,Medium,High,Medium,High,High,Medium-High
2015,1,30,2015-01-30 11:30:00,1.2125000000000001,0.05833333333333333,18.0,83.91666666666667,13.4125,1118.68625,0.0,0.0,11.5,2000-01-30 11:30:00,Low,Medium,Medium,Medium,High,Low-Medium
2015,1,31,2015-01-31 11:30:00,1.2833333333333334,0.004166666666666667,4.125,66.375,11.420833333333334,1169.0954166666668,0.0,0.0,11.5,2000-01-31 11:30:00,Low,Medium,Low,Low,High,Low-Medium
2016,1,1,2016-01-01 11:30:00,6.091666666666666,0.0,2.5416666666666665,81.66666666666667,11.891666666666666,857.0008333333334,0.0,0.0,11.5,2000-01-01 11:30:00,High,Low,Medium,Medium,High,High-Low
2016,1,2,2016-01-02 11:30:00,6.658333333333334,0.15833333333333333,17.291666666666668,94.95833333333333,17.008333333333333,294.78833333333336,0.0,0.0,11.5,2000-01-02 11:30:00,High,High,High,Medium,Medium,High-High
2016,1,3,2016-01-03 11:30:00,6.995833333333334,0.425,32.916666666666664,98.66666666666667,19.125,369.7583333333334,0.0,0.0,11.5,2000-01-03 11:30:00,High,High,High,High,Medium,High-High
2016,1,4,2016-01-04 11:30:00,6.175,0.3625,39.666666666666664,95.70833333333333,12.733333333333334,150.50041666666667,0.0,0.0,11.5,2000-01-04 11:30:00,High,High,High,Medium,Low,High-High
2016,1,5,2016-01-05 11:30:00,5.554166666666667,0.029166666666666664,8.416666666666666,72.41666666666667,11.629166666666668,247.82000000000002,0.0,0.0,11.5,2000-01-05 11:30:00,High,Medium,Medium,Medium,Medium,High-Medium
2016,1,6,2016-01-06 11:30:00,5.208333333333333,0.05000000000000001,12.375,71.16666666666667,6.929166666666667,439.6275,0.0,0.0,11.5,2000-01-06 11:30:00,Medium,Medium,Medium,Low,Medium,Medium-Medium
2016,1,7,2016-01-07 11:30:00,4.829166666666667,0.3333333333333333,19.791666666666668,83.625,20.349999999999998,0.0,0.0,0.0,11.5,2000-01-07 11:30:00,Medium,High,Medium,High,Low,Medium-High
2016,1,8,2016-01-08 11:30:00,4.3999999999999995,0.0,0.2916666666666667,13.541666666666666,16.587500000000002,993.7575,0.0,0.0,11.5,2000-01-08 11:30:00,Medium,Low,Low,Medium,High,Medium-Low
2016,1,9,2016-01-09 11:30:00,6.283333333333334,0.1125,13.125,86.95833333333333,14.820833333333333,911.3420833333333,0.0,0.0,11.5,2000-01-09 11:30:00,High,High,Medium,Medium,High,High-High
2016,1,10,2016-01-10 11:30:00,6.9375,0.225,21.5,87.83333333333333,19.354166666666668,981.86375,0.0,0.0,11.5,2000-01-10 11:30:00,High,High,Medium,High,High,High-High
2016,1,11,2016-01-11 11:30:00,5.1125,0.26666666666666666,25.708333333333332,92.16666666666667,15.4625,20.055416666666666,0.0,0.0,11.5,2000-01-11 11:30:00,Medium,High,High,Medium,Low,Medium-High
2016,1,12,2016-01-12 11:30:00,5.254166666666666,0.05833333333333334,16.333333333333332,75.45833333333333,20.404166666666665,925.5858333333334,0.0,0.0,11.5,2000-01-12 11:30:00,Medium,Medium,Medium,High,High,Medium-Medium
2016,1,13,2016-01-13 11:30:00,4.208333333333333,0.14166666666666666,17.0,76.875,18.866666666666667,797.07375,0.0,0.0,11.5,2000-01-13 11:30:00,Medium,High,Medium,High,High,Medium-High
2016,1,14,2016-01-14 11:30:00,2.7083333333333335,0.32916666666666666,39.0,96.25,21.554166666666664,317.2995833333334,0.0,0.0,11.5,2000-01-14 11:30:00,Medium,High,High,High,Medium,Medium-High
2016,1,15,2016-01-15 11:30:00,2.3249999999999997,0.02916666666666667,9.333333333333334,77.70833333333333,12.733333333333334,687.9970833333333,0.0,0.0,11.5,2000-01-15 11:30:00,Medium,Medium,Medium,Medium,Medium,Medium-Medium
2016,1,16,2016-01-16 11:30:00,1.6291666666666667,0.012500000000000002,5.708333333333333,52.291666666666664,15.845833333333333,1027.5054166666666,0.0,0.0,11.5,2000-01-16 11:30:00,Low,Medium,Low,Medium,High,Low-Medium
2016,1,17,2016-01-17 11:30:00,-1.1875,0.0,0.4166666666666667,17.875,10.208333333333334,1035.67,0.0,0.0,11.5,2000-01-17 11:30:00,Low,Low,Low,Low,High,Low-Low
2016,1,18,2016-01-18 11:30:00,-3.0,0.0,2.4166666666666665,78.20833333333333,9.058333333333334,981.1979166666666,0.0,0.0,11.5,2000-01-18 11:30:00,Low,Low,Medium,Low,High,Low-Low
2016,1,19,2016-01-19 11:30:00,-3.0541666666666667,0.0,1.375,42.958333333333336,7.075,1059.0329166666668,0.0,0.0,11.5,2000-01-19 11:30:00,Low,Low,Low,Low,High,Low-Low
2016,1,20,2016-01-20 11:30:00,0.19166666666666665,0.020833333333333332,8.166666666666666,62.958333333333336,9.6625,844.8058333333333,0.0,0.0,11.5,2000-01-20 11:30:00,Low,Medium,Low,Low,High,Low-Medium
2016,1,21,2016-01-21 11:30:00,-0.03333333333333332,0.0,2.3333333333333335,77.45833333333333,6.008333333333333,0.0,0.0,0.0,11.5,2000-01-21 11:30:00,Low,Low,Medium,Low,Low,Low-Low
2016,1,22,2016-01-22 11:30:00,1.25,0.17500000000000002,10.625,62.375,15.141666666666666,958.1129166666666,0.0,0.0,11.5,2000-01-22 11:30:00,Low,High,Low,Medium,High,Low-High
2016,1,23,2016-01-23 11:30:00,6.383333333333333,0.0,2.0416666666666665,69.54166666666667,14.133333333333333,579.9291666666667,0.0,0.0,11.5,2000-01-23 11:30:00,High,Low,Low,Medium,Medium,High-Low
2016,1,24,2016-01-24 11:30:00,7.091666666666666,0.049999999999999996,11.0,98.95833333333333,15.5,0.0,0.0,0.0,11.5,2000-01-24 11:30:00,High,Medium,High,Medium,Low,High-Medium
2016,1,25,2016-01-25 11:30:00,10.329166666666667,0.0,2.0,65.625,14.779166666666667,1116.4320833333334,0.0,0.0,11.5,2000-01-25 11:30:00,High,Low,Low,Medium,High,High-Low
2016,1,26,2016-01-26 11:30:00,9.266666666666667,0.08333333333333333,12.666666666666666,84.875,20.791666666666668,227.6604166666667,0.0,0.0,11.5,2000-01-26 11:30:00,High,High,Medium,High,Medium,High-High
2016,1,27,2016-01-27 11:30:00,10.216666666666667,0.31666666666666665,27.916666666666668,99.70833333333333,27.933333333333334,0.0,0.0,0.0,11.5,2000-01-27 11:30:00,High,High,High,High,Low,High-High
2016,1,28,2016-01-28 11:30:00,6.295833333333333,0.10833333333333334,9.625,48.5,15.370833333333332,1151.87625,0.0,0.0,11.5,2000-01-28 11:30:00,High,High,Low,Medium,High,High-High
2016,1,29,2016-01-29 11:30:00,7.216666666666666,0.012499999999999999,4.666666666666667,88.79166666666667,27.4375,25.705833333333334,0.0,0.0,11.5,2000-01-29 11:30:00,High,Medium,Medium,High,Low,High-Medium
2016,1,30,2016-01-30 11:30:00,6.7625,0.7875,39.625,82.95833333333333,26.233333333333334,13.828333333333333,0.0,0.0,11.5,2000-01-30 11:30:00,High,High,Medium,High,Low,High-High
2016,1,31,2016-01-31 11:30:00,5.916666666666667,0.15833333333333333,28.958333333333332,92.83333333333333,18.995833333333334,0.0,0.0,0.0,11.5,2000-01-31 11:30:00,High,High,High,High,Low,High-High
2017,1,1,2017-01-01 11:30:00,-0.65,0.04583333333333334,9.875,97.58333333333333,15.200000000000001,79.86125,0.0,0.0,11.5,2000-01-01 11:30:00,Low,Medium,High,Medium,Low,Low-Medium
2017,1,2,2017-01-02 11:30:00,0.6708333333333334,0.08333333333333333,18.041666666666668,45.416666666666664,10.362499999999999,982.1958333333333,0.0,0.0,11.5,2000-01-02 11:30:00,Low,High,Low,Low,High,Low-High
2017,1,3,2017-01-03 11:30:00,2.220833333333333,0.08333333333333333,5.041666666666667,71.95833333333333,18.616666666666667,638.5329166666667,0.0,0.0,11.5,2000-01-03 11:30:00,Medium,High,Medium,High,Medium,Medium-High
2017,1,4,2017-01-04 11:30:00,4.658333333333333,0.06666666666666667,16.125,63.0,20.804166666666667,919.0266666666666,0.0,0.0,11.5,2000-01-04 11:30:00,Medium,Medium,Low,High,High,Medium-Medium
2017,1,5,2017-01-05 11:30:00,-0.45416666666666666,0.008333333333333333,2.5,16.708333333333332,9.845833333333333,988.8704166666666,0.0,0.0,11.5,2000-01-05 11:30:00,Low,Medium,Low,Low,High,Low-Medium
2017,1,6,2017-01-06 11:30:00,-3.7541666666666664,0.0,2.1666666666666665,71.70833333333333,7.6000000000000005,908.9245833333333,0.0,0.0,11.5,2000-01-06 11:30:00,Low,Low,Medium,Low,High,Low-Low
2017,1,7,2017-01-07 11:30:00,-0.7166666666666667,0.125,31.0,99.75,13.441666666666668,0.0,0.0,0.0,11.5,2000-01-07 11:30:00,Low,High,High,Medium,Low,Low-High
2017,1,8,2017-01-08 11:30:00,2.3208333333333333,0.0,2.875,94.08333333333333,7.125,757.4779166666667,0.0,0.0,11.5,2000-01-08 11:30:00,Medium,Low,High,Low,High,Medium-Low
2017,1,9,2017-01-09 11:30:00,3.658333333333333,0.07083333333333333,15.083333333333334,97.79166666666667,14.570833333333333,128.94375,0.0,0.0,11.5,2000-01-09 11:30:00,Medium,Medium,High,Medium,Low,Medium-Medium
2017,1,10,2017-01-10 11:30:00,4.216666666666667,0.14583333333333334,17.125,80.25,12.5875,491.12208333333336,0.0,0.0,11.5,2000-01-10 11:30:00,Medium,High,Medium,Medium,Medium,Medium-High
2017,1,11,2017-01-11 11:30:00,5.866666666666667,0.06666666666666667,18.125,67.125,22.645833333333332,228.78791666666666,0.0,0.0,11.5,2000-01-11 11:30:00,High,Medium,Low,High,Medium,High-Medium
2017,1,12,2017-01-12 11:30:00,4.675,0.6,26.291666666666668,87.08333333333333,19.016666666666666,486.53208333333333,0.0,0.0,11.5,2000-01-12 11:30:00,Medium,High,Medium,High,Medium,Medium-High
2017,1,13,2017-01-13 11:30:00,2.216666666666667,0.4875,44.875,85.33333333333333,22.28333333333333,925.3537499999999,0.0,0.0,11.5,2000-01-13 11:30:00,Medium,High,Medium,High,High,Medium-High
2017,1,14,2017-01-14 11:30:00,1.5083333333333335,0.08750000000000001,22.625,56.25,17.3875,582.275,0.0,0.0,11.5,2000-01-14 11:30:00,Low,High,Low,High,Medium,Low-High
2017,1,15,2017-01-15 11:30:00,-0.30416666666666675,0.004166666666666667,4.416666666666667,49.75,9.275,454.94249999999994,0.0,0.0,11.5,2000-01-15 11:30:00,Low,Medium,Low,Low,Medium,Low-Medium
2017,1,16,2017-01-16 11:30:00,-2.004166666666667,0.004166666666666667,4.291666666666667,74.375,6.2749999999999995,139.71458333333334,0.0,0.0,11.5,2000-01-16 11:30:00,Low,Medium,Medium,Low,Low,Low-Medium
2017,1,17,2017-01-17 11:30:00,-3.3041666666666667,0.0,1.6666666666666667,56.125,6.5375000000000005,1011.5454166666667,0.0,0.0,11.5,2000-01-17 11:30:00,Low,Low,Low,Low,High,Low-Low
2017,1,18,2017-01-18 11:30:00,-3.466666666666667,0.0,0.5416666666666666,19.75,7.220833333333334,1053.15375,0.0,0.0,11.5,2000-01-18 11:30:00,Low,Low,Low,Low,High,Low-Low
2017,1,19,2017-01-19 11:30:00,-2.9333333333333336,0.0,0.08333333333333333,3.75,6.883333333333333,1068.4833333333333,0.0,0.0,11.5,2000-01-19 11:30:00,Low,Low,Low,Low,High,Low-Low
2017,1,20,2017-01-20 11:30:00,-1.4958333333333333,0.0,1.0,30.375,8.429166666666667,1033.8475,0.0,0.0,11.5,2000-01-20 11:30:00,Low,Low,Low,Low,High,Low-Low
2017,1,21,2017-01-21 11:30:00,-1.1458333333333333,0.0,0.0,0.0,9.304166666666667,1096.39875,0.0,0.0,11.5,2000-01-21 11:30:00,Low,Low,Low,Low,High,Low-Low
2017,1,22,2017-01-22 11:30:00,-3.3125,0.0,0.625,20.25,4.629166666666666,1107.08,0.0,0.0,11.5,2000-01-22 11:30:00,Low,Low,Low,Low,High,Low-Low
2017,1,23,2017-01-23 11:30:00,-0.28750000000000003,0.0,2.7916666666666665,90.79166666666667,6.041666666666667,664.7958333333333,0.0,0.0,11.5,2000-01-23 11:30:00,Low,Low,Medium,Low,Medium,Low-Low
2017,1,24,2017-01-24 11:30:00,0.7999999999999999,0.004166666666666667,5.0,98.45833333333333,4.854166666666667,40.27166666666667,0.0,0.0,11.5,2000-01-24 11:30:00,Low,Medium,High,Low,Low,Low-Medium
2017,1,25,2017-01-25 11:30:00,-1.5875000000000001,0.0,1.125,36.958333333333336,7.675,1093.7683333333332,0.0,0.0,11.5,2000-01-25 11:30:00,Low,Low,Low,Low,High,Low-Low
2017,1,26,2017-01-26 11:30:00,-2.7375000000000003,0.0,0.0,0.0,10.208333333333334,1140.85125,0.0,0.0,11.5,2000-01-26 11:30:00,Low,Low,Low,Low,High,Low-Low
2017,1,27,2017-01-27 11:30:00,1.2666666666666666,0.0,1.6666666666666667,51.75,12.845833333333333,914.1233333333333,0.0,0.0,11.5,2000-01-27 11:30:00,Low,Low,Low,Medium,High,Low-Low
2017,1,28,2017-01-28 11:30:00,5.120833333333334,0.008333333333333333,6.791666666666667,89.0,13.700000000000001,1107.1683333333333,0.0,0.0,11.5,2000-01-28 11:30:00,Medium,Medium,Medium,Medium,High,Medium-Medium
2017,1,29,2017-01-29 11:30:00,4.558333333333334,0.14583333333333334,14.833333333333334,74.375,16.508333333333333,1079.5883333333334,0.0,0.0,11.5,2000-01-29 11:30:00,Medium,High,Medium,Medium,High,Medium-High
2017,1,30,2017-01-30 11:30:00,5.995833333333334,0.23333333333333336,25.666666666666668,99.79166666666667,17.091666666666665,0.0,0.0,0.0,11.5,2000-01-30 11:30:00,High,High,High,Medium,Low,High-High
2017,1,31,2017-01-31 11:30:00,2.6999999999999997,0.0,2.875,93.625,6.183333333333334,90.53375,0.0,0.0,11.5,2000-01-31 11:30:00,Medium,Low,High,Low,Low,Medium-Low
2018,1,1,2018-01-01 11:30:00,6.375,0.32083333333333336,27.666666666666668,82.29166666666667,20.729166666666668,600.0,0.0,0.0,11.5,2000-01-01 11:30:00,High,High,Medium,High,Medium,High-High
2018,1,2,2018-01-02 11:30:00,6.066666666666666,0.19999999999999998,29.333333333333332,92.41666666666667,18.95,450.0,0.0,0.0,11.5,2000-01-02 11:30:00,High,High,High,High,Medium,High-High
2018,1,3,2018-01-03 11:30:00,8.216666666666667,0.49166666666666664,40.041666666666664,71.08333333333333,33.62916666666667,488.96458333333334,0.0,0.0,11.5,2000-01-03 11:30:00,High,High,Medium,High,Medium,High-High
2018,1,4,2018-01-04 11:30:00,7.995833333333334,0.11666666666666665,24.333333333333332,73.625,22.620833333333334,0.0,0.0,0.0,11.5,2000-01-04 11:30:00,High,High,Medium,High,Low,High-High
2018,1,5,2018-01-05 11:30:00,7.458333333333333,0.15,16.833333333333332,81.25,19.45416666666667,162.57041666666666,0.0,0.0,11.5,2000-01-05 11:30:00,High,High,Medium,High,Medium,High-High
2018,1,6,2018-01-06 11:30:00,4.666666666666667,0.016666666666666666,10.708333333333334,89.54166666666667,9.333333333333334,51.4275,0.0,0.0,11.5,2000-01-06 11:30:00,Medium,Medium,Medium,Low,Low,Medium-Medium
2018,1,7,2018-01-07 11:30:00,2.308333333333333,0.020833333333333332,12.291666666666666,73.125,21.141666666666666,772.6770833333334,0.0,0.0,11.5,2000-01-07 11:30:00,Medium,Medium,Medium,High,High,Medium-Medium
2018,1,8,2018-01-08 11:30:00,2.6916666666666664,0.0,1.7916666666666667,58.791666666666664,18.254166666666666,956.8329166666667,0.0,0.0,11.5,2000-01-08 11:30:00,Medium,Low,Low,High,High,Medium-Low
2018,1,9,2018-01-09 11:30:00,4.695833333333334,0.0,2.5,80.41666666666667,12.025,544.125,0.0,0.0,11.5,2000-01-09 11:30:00,Medium,Low,Medium,Medium,Medium,Medium-Low
2018,1,10,2018-01-10 11:30:00,7.083333333333333,0.10416666666666667,31.041666666666668,97.875,10.704166666666666,0.0,0.0,0.0,11.5,2000-01-10 11:30:00,High,High,High,Low,Low,High-High
2018,1,11,2018-01-11 11:30:00,4.8500000000000005,0.004166666666666667,4.041666666666667,65.875,6.045833333333333,715.4591666666666,0.0,0.0,11.5,2000-01-11 11:30:00,Medium,Medium,Low,Low,Medium,Medium-Medium
2018,1,12,2018-01-12 11:30:00,4.2625,0.0,3.0,99.79166666666667,4.591666666666667,0.0,0.0,0.0,11.5,2000-01-12 11:30:00,Medium,Low,High,Low,Low,Medium-Low
2018,1,13,2018-01-13 11:30:00,3.8041666666666667,0.0,1.75,62.416666666666664,11.0375,96.60916666666667,0.0,0.0,11.5,2000-01-13 11:30:00,Medium,Low,Low,Low,Low,Medium-Low
2018,1,14,2018-01-14 11:30:00,2.5458333333333334,0.0,0.2916666666666667,13.458333333333334,12.958333333333334,1033.9379166666665,0.0,0.0,11.5,2000-01-14 11:30:00,Medium,Low,Low,Medium,High,Medium-Low
2018,1,15,2018-01-15 11:30:00,5.425,0.375,28.541666666666668,94.58333333333333,24.59166666666667,0.0,0.0,0.0,11.5,2000-01-15 11:30:00,High,High,High,High,Low,High-High
2018,1,16,2018-01-16 11:30:00,4.1875,0.3875,50.375,79.625,20.395833333333332,591.8070833333334,0.0,0.0,11.5,2000-01-16 11:30:00,Medium,High,Medium,High,Medium,Medium-High
2018,1,17,2018-01-17 11:30:00,2.7083333333333335,0.2916666666666667,46.291666666666664,76.08333333333333,22.712500000000002,518.6758333333333,0.0,0.0,11.5,2000-01-17 11:30:00,Medium,High,Medium,High,Medium,Medium-High
2018,1,18,2018-01-18 11:30:00,4.758333333333334,0.35833333333333334,38.25,78.04166666666667,26.191666666666666,512.0483333333333,0.0,0.0,11.5,2000-01-18 11:30:00,Medium,High,Medium,High,Medium,Medium-High
2018,1,19,2018-01-19 11:30:00,2.6,0.12083333333333333,28.208333333333332,62.833333333333336,16.158333333333335,1040.9566666666667,0.0,0.0,11.5,2000-01-19 11:30:00,Medium,High,Low,Medium,High,Medium-High
2018,1,20,2018-01-20 11:30:00,1.7750000000000001,0.12916666666666668,27.5,82.875,11.920833333333334,100.05416666666667,0.0,0.0,11.5,2000-01-20 11:30:00,Low,High,Medium,Medium,Low,Low-High
2018,1,21,2018-01-21 11:30:00,2.308333333333333,0.12916666666666668,16.25,83.25,11.383333333333333,785.46875,0.0,0.0,11.5,2000-01-21 11:30:00,Medium,High,Medium,Low,High,Medium-High
2018,1,22,2018-01-22 11:30:00,6.3875,0.075,18.833333333333332,85.58333333333333,13.941666666666668,678.5716666666666,0.0,0.0,11.5,2000-01-22 11:30:00,High,Medium,Medium,Medium,Medium,High-Medium
2018,1,23,2018-01-23 11:30:00,7.4875,0.0,2.5416666666666665,83.16666666666667,17.925,506.8183333333333,0.0,0.0,11.5,2000-01-23 11:30:00,High,Low,Medium,High,Medium,High-Low
2018,1,24,2018-01-24 11:30:00,12.158333333333333,0.0625,13.083333333333334,98.79166666666667,27.38333333333333,347.47374999999994,0.0,0.0,11.5,2000-01-24 11:30:00,High,Medium,High,High,Medium,High-Medium
2018,1,25,2018-01-25 11:30:00,7.375,0.10833333333333334,25.166666666666668,99.625,13.200000000000001,0.0,0.0,0.0,11.5,2000-01-25 11:30:00,High,High,High,Medium,Low,High-High
2018,1,26,2018-01-26 11:30:00,5.8999999999999995,0.008333333333333333,6.958333333333333,98.45833333333333,7.1625000000000005,484.1729166666667,0.0,0.0,11.5,2000-01-26 11:30:00,High,Medium,High,Low,Medium,High-Medium
2018,1,27,2018-01-27 11:30:00,5.358333333333333,0.004166666666666667,4.666666666666667,88.91666666666667,15.529166666666667,187.52083333333334,0.0,0.0,11.5,2000-01-27 11:30:00,Medium,Medium,Medium,Medium,Medium,Medium-Medium
2018,1,28,2018-01-28 11:30:00,9.5875,0.0,3.0,98.875,22.15833333333333,186.225,0.0,0.0,11.5,2000-01-28 11:30:00,High,Low,High,High,Medium,High-Low
2018,1,29,2018-01-29 11:30:00,8.941666666666666,0.11666666666666668,18.833333333333332,84.70833333333333,22.920833333333334,0.0,0.0,0.0,11.5,2000-01-29 11:30:00,High,High,Medium,High,Low,High-High
2018,1,30,2018-01-30 11:30:00,4.016666666666667,0.0,1.3333333333333333,44.958333333333336,9.5625,1065.9866666666667,0.0,0.0,11.5,2000-01-30 11:30:00,Medium,Low,Low,Low,High,Medium-Low
2018,1,31,2018-01-31 11:30:00,6.979166666666667,0.39166666666666666,36.416666666666664,87.16666666666667,22.912499999999998,0.0,0.0,0.0,11.5,2000-01-31 11:30:00,High,High,Medium,High,Low,High-High
2019,1,1,2019-01-01 11:30:00,7.075,0.025000000000000005,14.875,92.25,18.3875,54.9925,0.0,0.0,11.5,2000-01-01 11:30:00,High,Medium,High,High,Low,High-Medium
2019,1,2,2019-01-02 11:30:00,4.5,0.004166666666666667,3.7083333333333335,53.833333333333336,14.541666666666666,775.77,0.0,0.0,11.5,2000-01-02 11:30:00,Medium,Medium,Low,Medium,High,Medium-Medium
2019,1,3,2019-01-03 11:30:00,4.166666666666667,0.004166666666666667,4.75,86.04166666666667,9.637500000000001,504.7129166666667,0.0,0.0,11.5,2000-01-03 11:30:00,Medium,Medium,Medium,Low,Medium,Medium-Medium
2019,1,4,2019-01-04 11:30:00,3.9333333333333336,0.008333333333333333,6.916666666666667,95.66666666666667,11.958333333333334,244.71166666666667,0.0,0.0,11.5,2000-01-04 11:30:00,Medium,Medium,High,Medium,Medium,Medium-Medium
2019,1,5,2019-01-05 11:30:00,6.358333333333333,0.12916666666666668,18.0,99.79166666666667,17.416666666666668,15.597499999999998,0.0,0.0,11.5,2000-01-05 11:30:00,High,High,High,High,Low,High-High
2019,1,6,2019-01-06 11:30:00,5.254166666666666,0.004166666666666667,4.791666666666667,89.875,11.916666666666666,222.47833333333335,0.0,0.0,11.5,2000-01-06 11:30:00,Medium,Medium,Medium,Medium,Medium,Medium-Medium
2019,1,7,2019-01-07 11:30:00,5.433333333333334,0.07916666666666668,24.625,85.66666666666667,14.833333333333334,11.67875,0.0,0.0,11.5,2000-01-07 11:30:00,High,Medium,Medium,Medium,Low,High-Medium
2019,1,8,2019-01-08 11:30:00,6.320833333333333,0.09166666666666667,22.083333333333332,52.833333333333336,26.6875,378.0233333333333,0.0,0.0,11.5,2000-01-08 11:30:00,High,High,Low,High,Medium,High-High
2019,1,9,2019-01-09 11:30:00,3.908333333333333,0.016666666666666666,9.583333333333334,45.208333333333336,17.433333333333334,993.8904166666666,0.0,0.0,11.5,2000-01-09 11:30:00,Medium,Medium,Low,High,High,Medium-Medium
2019,1,10,2019-01-10 11:30:00,1.4666666666666668,0.05416666666666667,21.0,98.91666666666667,7.6375,0.0,0.0,0.0,11.5,2000-01-10 11:30:00,Low,Medium,High,Low,Low,Low-Medium
2019,1,11,2019-01-11 11:30:00,5.345833333333334,0.075,19.0,99.125,13.558333333333332,0.0,0.0,0.0,11.5,2000-01-11 11:30:00,Medium,Medium,High,Medium,Low,Medium-Medium
2019,1,12,2019-01-12 11:30:00,6.154166666666666,0.1625,31.083333333333332,92.70833333333333,19.533333333333335,0.0,0.0,0.0,11.5,2000-01-12 11:30:00,High,High,High,High,Low,High-High
2019,1,13,2019-01-13 11:30:00,7.991666666666667,0.2833333333333333,41.291666666666664,87.75,23.391666666666666,0.0,0.0,0.0,11.5,2000-01-13 11:30:00,High,High,Medium,High,Low,High-High
2019,1,14,2019-01-14 11:30:00,4.5625,0.075,28.291666666666668,52.333333333333336,16.879166666666666,812.8279166666666,0.0,0.0,11.5,2000-01-14 11:30:00,Medium,Medium,Low,Medium,High,Medium-Medium
2019,1,15,2019-01-15 11:30:00,5.004166666666666,0.0,2.5416666666666665,81.16666666666667,17.733333333333334,619.29625,0.0,0.0,11.5,2000-01-15 11:30:00,Medium,Low,Medium,High,Medium,Medium-Low
2019,1,16,2019-01-16 11:30:00,5.9125000000000005,0.04583333333333334,13.0,99.20833333333333,21.420833333333334,162.28833333333333,0.0,0.0,11.5,2000-01-16 11:30:00,High,Medium,High,High,Medium,High-Medium
2019,1,17,2019-01-17 11:30:00,3.0208333333333335,0.2541666666666667,28.875,67.95833333333333,16.6125,311.1479166666667,0.0,0.0,11.5,2000-01-17 11:30:00,Medium,High,Low,Medium,Medium,Medium-High
2019,1,18,2019-01-18 11:30:00,-0.20416666666666664,0.0,1.4166666666666667,48.708333333333336,7.125,923.36625,0.0,0.0,11.5,2000-01-18 11:30:00,Low,Low,Low,Low,High,Low-Low
2019,1,19,2019-01-19 11:30:00,-0.9708333333333333,0.0,1.7916666666666667,59.666666666666664,11.008333333333333,1078.7416666666666,0.0,0.0,11.5,2000-01-19 11:30:00,Low,Low,Low,Low,High,Low-Low
2019,1,20,2019-01-20 11:30:00,-2.8333333333333335,0.0,0.125,5.708333333333333,8.904166666666667,1086.3241666666665,0.0,0.0,11.5,2000-01-20 11:30:00,Low,Low,Low,Low,High,Low-Low
2019,1,21,2019-01-21 11:30:00,-2.9,0.0,0.5416666666666666,19.583333333333332,5.6375,1094.1345833333332,0.0,0.0,11.5,2000-01-21 11:30:00,Low,Low,Low,Low,High,Low-Low
2019,1,22,2019-01-22 11:30:00,-1.3791666666666667,0.09999999999999999,25.958333333333332,97.70833333333333,14.158333333333333,40.245416666666664,0.0,0.0,11.5,2000-01-22 11:30:00,Low,High,High,Medium,Low,Low-High
2019,1,23,2019-01-23 11:30:00,-1.7708333333333333,0.0,2.7083333333333335,84.54166666666667,9.633333333333333,734.0475,0.0,0.0,11.5,2000-01-23 11:30:00,Low,Low,Medium,Low,Medium,Low-Low
2019,1,24,2019-01-24 11:30:00,-2.0500000000000003,0.0,2.5416666666666665,79.45833333333333,4.570833333333334,559.7683333333333,0.0,0.0,11.5,2000-01-24 11:30:00,Low,Low,Medium,Low,Medium,Low-Low
2019,1,25,2019-01-25 11:30:00,0.8708333333333332,0.02916666666666667,14.916666666666666,96.83333333333333,12.216666666666667,17.212083333333332,0.0,0.0,11.5,2000-01-25 11:30:00,Low,Medium,High,Medium,Low,Low-Medium
2019,1,26,2019-01-26 11:30:00,6.758333333333333,0.02916666666666667,13.0,98.83333333333333,20.675,186.81458333333333,0.0,0.0,11.5,2000-01-26 11:30:00,High,Medium,High,High,Medium,High-Medium
2019,1,27,2019-01-27 11:30:00,5.233333333333333,0.25,47.375,95.375,21.84583333333333,0.0,0.0,0.0,11.5,2000-01-27 11:30:00,Medium,High,High,High,Low,Medium-High
2019,1,28,2019-01-28 11:30:00,2.775,0.4708333333333334,38.541666666666664,71.125,22.191666666666666,554.31875,0.0,0.0,11.5,2000-01-28 11:30:00,Medium,High,Medium,High,Medium,Medium-High
2019,1,29,2019-01-29 11:30:00,1.25,0.024999999999999998,11.083333333333334,78.54166666666667,13.5375,976.4354166666667,0.0,0.0,11.5,2000-01-29 11:30:00,Low,Medium,Medium,Medium,High,Low-Medium
2019,1,30,2019-01-30 11:30:00,0.5125000000000001,0.11666666666666668,30.708333333333332,98.5,10.933333333333332,0.0,0.0,0.0,11.5,2000-01-30 11:30:00,Low,High,High,Low,Low,Low-High
2019,1,31,2019-01-31 11:30:00,-1.2625,0.004166666666666667,4.541666666666667,55.208333333333336,10.595833333333333,1140.5345833333333,0.0,0.0,11.5,2000-01-31 11:30:00,Low,Medium,Low,Low,High,Low-Medium
2020,1,1,2020-01-01 11:30:00,1.4041666666666668,0.0,1.1666666666666667,41.625,7.895833333333333,617.5245833333333,0.0,0.0,11.5,2000-01-01 11:30:00,Low,Low,Low,Low,Medium,Low-Low
2020,1,2,2020-01-02 11:30:00,4.258333333333334,0.0,2.875,94.54166666666667,12.933333333333332,0.0,0.0,0.0,11.5,2000-01-02 11:30:00,Medium,Low,High,Medium,Low,Medium-Low
2020,1,3,2020-01-03 11:30:00,8.049999999999999,0.1125,28.833333333333332,90.5,20.349999999999998,41.589999999999996,0.0,0.0,11.5,2000-01-03 11:30:00,High,High,Medium,High,Low,High-High
2020,1,4,2020-01-04 11:30:00,5.820833333333333,0.0375,12.791666666666666,90.58333333333333,16.779166666666665,0.0,0.0,0.0,11.5,2000-01-04 11:30:00,High,Medium,Medium,Medium,Low,High-Medium
2020,1,5,2020-01-05 11:30:00,5.766666666666667,0.004166666666666667,4.166666666666667,68.75,10.9,967.99125,0.0,0.0,11.5,2000-01-05 11:30:00,High,Medium,Low,Low,High,High-Medium
2020,1,6,2020-01-06 11:30:00,5.029166666666667,0.020833333333333332,3.625,51.083333333333336,12.879166666666668,977.2829166666667,0.0,0.0,11.5,2000-01-06 11:30:00,Medium,Medium,Low,Medium,High,Medium-Medium
2020,1,7,2020-01-07 11:30:00,6.0874999999999995,0.04583333333333334,6.041666666666667,64.08333333333333,16.462500000000002,540.8066666666667,0.0,0.0,11.5,2000-01-07 11:30:00,High,Medium,Low,Medium,Medium,High-Medium
2020,1,8,2020-01-08 11:30:00,10.450000000000001,0.24166666666666667,41.416666666666664,99.66666666666667,16.041666666666668,0.0,0.0,0.0,11.5,2000-01-08 11:30:00,High,High,High,Medium,Low,High-High
2020,1,9,2020-01-09 11:30:00,11.616666666666667,0.14166666666666666,29.083333333333332,95.16666666666667,21.091666666666665,150.0,0.0,0.0,11.5,2000-01-09 11:30:00,High,High,High,High,Low,High-High
2020,1,10,2020-01-10 11:30:00,7.029166666666666,0.09999999999999999,24.208333333333332,64.08333333333333,14.520833333333334,618.76,0.0,0.0,11.5,2000-01-10 11:30:00,High,High,Low,Medium,Medium,High-High
2020,1,11,2020-01-11 11:30:00,4.375,0.0,2.3333333333333335,73.29166666666667,16.608333333333334,815.6975000000001,0.0,0.0,11.5,2000-01-11 11:30:00,Medium,Low,Medium,Medium,High,Medium-Low
2020,1,12,2020-01-12 11:30:00,6.3125,0.025000000000000005,14.416666666666666,69.58333333333333,21.941666666666666,275.46416666666664,0.0,0.0,11.5,2000-01-12 11:30:00,High,Medium,Low,High,Medium,High-Medium
2020,1,13,2020-01-13 11:30:00,7.408333333333334,0.041666666666666664,12.708333333333334,83.29166666666667,17.625,912.3129166666666,0.0,0.0,11.5,2000-01-13 11:30:00,High,Medium,Medium,High,High,High-Medium
2020,1,14,2020-01-14 11:30:00,10.245833333333334,0.15833333333333333,29.166666666666668,97.83333333333333,29.983333333333334,0.0,0.0,0.0,11.5,2000-01-14 11:30:00,High,High,High,High,Low,High-High
2020,1,15,2020-01-15 11:30:00,9.991666666666667,0.10416666666666667,11.666666666666666,49.041666666666664,24.775000000000002,705.7433333333333,0.0,0.0,11.5,2000-01-15 11:30:00,High,High,Low,High,Medium,High-High
2020,1,16,2020-01-16 11:30:00,6.795833333333333,0.0,0.9166666666666666,29.625,13.5875,1053.0379166666667,0.0,0.0,11.5,2000-01-16 11:30:00,High,Low,Low,Medium,High,High-Low
2020,1,17,2020-01-17 11:30:00,8.258333333333333,0.029166666666666664,9.791666666666666,61.875,18.175,232.70083333333332,0.0,0.0,11.5,2000-01-17 11:30:00,High,Medium,Low,High,Medium,High-Medium
2020,1,18,2020-01-18 11:30:00,4.5,0.0375,16.0,48.291666666666664,14.720833333333333,975.6316666666667,0.0,0.0,11.5,2000-01-18 11:30:00,Medium,Medium,Low,Medium,High,Medium-Medium
2020,1,19,2020-01-19 11:30:00,3.4375,0.004166666666666667,2.625,22.0,10.108333333333333,1064.35375,0.0,0.0,11.5,2000-01-19 11:30:00,Medium,Medium,Low,Low,High,Medium-Medium
2020,1,20,2020-01-20 11:30:00,1.6833333333333333,0.0,2.375,79.45833333333333,4.7,0.0,0.0,0.0,11.5,2000-01-20 11:30:00,Low,Low,Medium,Low,Low,Low-Low
2020,1,21,2020-01-21 11:30:00,-0.2708333333333333,0.0,2.6666666666666665,88.875,4.741666666666666,91.15791666666667,0.0,0.0,11.5,2000-01-21 11:30:00,Low,Low,Medium,Low,Low,Low-Low
2020,1,22,2020-01-22 11:30:00,1.3458333333333332,0.0,3.0,99.95833333333333,5.0125,0.0,0.0,0.0,11.5,2000-01-22 11:30:00,Low,Low,High,Low,Low,Low-Low
2020,1,23,2020-01-23 11:30:00,3.3083333333333336,0.0,2.75,90.25,6.166666666666667,572.63375,0.0,0.0,11.5,2000-01-23 11:30:00,Medium,Low,Medium,Low,Medium,Medium-Low
2020,1,24,2020-01-24 11:30:00,1.9291666666666665,0.0,2.9166666666666665,94.375,5.2124999999999995,0.0,0.0,0.0,11.5,2000-01-24 11:30:00,Medium,Low,High,Low,Low,Medium-Low
2020,1,25,2020-01-25 11:30:00,1.5125,0.0,2.5,81.66666666666667,5.879166666666666,560.1870833333334,0.0,0.0,11.5,2000-01-25 11:30:00,Low,Low,Medium,Low,Medium,Low-Low
2020,1,26,2020-01-26 11:30:00,5.470833333333334,0.0,1.625,54.958333333333336,13.229166666666666,1085.97875,0.0,0.0,11.5,2000-01-26 11:30:00,High,Low,Low,Medium,High,High-Low
2020,1,27,2020-01-27 11:30:00,7.808333333333334,0.21250000000000002,27.5,97.875,19.325,165.64541666666665,0.0,0.0,11.5,2000-01-27 11:30:00,High,High,High,High,Medium,High-High
2020,1,28,2020-01-28 11:30:00,4.929166666666666,0.23750000000000002,31.291666666666668,80.41666666666667,24.337500000000002,920.3983333333334,0.0,0.0,11.5,2000-01-28 11:30:00,Medium,High,Medium,High,High,Medium-High
2020,1,29,2020-01-29 11:30:00,4.379166666666666,0.03333333333333333,12.375,65.79166666666667,20.85,1158.3516666666667,0.0,0.0,11.5,2000-01-29 11:30:00,Medium,Medium,Low,High,High,Medium-Medium
2020,1,30,2020-01-30 11:30:00,8.0625,0.09583333333333334,18.875,90.625,21.349999999999998,824.15,0.0,0.0,11.5,2000-01-30 11:30:00,High,High,Medium,High,High,High-High
2020,1,31,2020-01-31 11:30:00,10.945833333333333,0.05833333333333334,23.0,100.0,23.008333333333336,0.0,0.0,0.0,11.5,2000-01-31 11:30:00,High,Medium,High,High,Low,High-Medium
2021,1,1,2021-01-01 11:30:00,1.9041666666666668,0.012500000000000002,8.875,92.75,9.820833333333333,659.36375,0.0,0.0,11.5,2000-01-01 11:30:00,Medium,Medium,High,Low,Medium,Medium-Medium
2021,1,2,2021-01-02 11:30:00,2.2666666666666666,0.0,2.75,87.5,7.395833333333333,137.9075,0.0,0.0,11.5,2000-01-02 11:30:00,Medium,Low,Medium,Low,Low,Medium-Low
2021,1,3,2021-01-03 11:30:00,2.1750000000000003,0.016666666666666666,10.75,87.16666666666667,11.841666666666667,777.2725,0.0,0.0,11.5,2000-01-03 11:30:00,Medium,Medium,Medium,Medium,High,Medium-Medium
2021,1,4,2021-01-04 11:30:00,1.9124999999999999,0.12916666666666668,51.0,99.54166666666667,15.379166666666668,0.0,0.0,0.0,11.5,2000-01-04 11:30:00,Medium,High,High,Medium,Low,Medium-High
2021,1,5,2021-01-05 11:30:00,2.1041666666666665,0.025000000000000005,11.0,98.83333333333333,13.025,8.388333333333334,0.0,0.0,11.5,2000-01-05 11:30:00,Medium,Medium,High,Medium,Low,Medium-Medium
2021,1,6,2021-01-06 11:30:00,1.9000000000000001,0.07916666666666668,29.0,99.54166666666667,10.116666666666667,0.0,0.0,0.0,11.5,2000-01-06 11:30:00,Medium,Medium,High,Low,Low,Medium-Medium
2021,1,7,2021-01-07 11:30:00,1.5374999999999999,0.12083333333333333,36.333333333333336,99.5,13.004166666666668,60.14791666666667,0.0,0.0,11.5,2000-01-07 11:30:00,Low,High,High,Medium,Low,Low-High
2021,1,8,2021-01-08 11:30:00,1.0208333333333333,0.18333333333333335,26.375,65.41666666666667,9.429166666666665,411.9591666666667,0.0,0.0,11.5,2000-01-08 11:30:00,Low,High,Low,Low,Medium,Low-High
2021,1,9,2021-01-09 11:30:00,-0.3625,0.004166666666666667,4.0,65.54166666666667,6.375,488.33458333333334,0.0,0.0,11.5,2000-01-09 11:30:00,Low,Medium,Low,Low,Medium,Low-Medium
2021,1,10,2021-01-10 11:30:00,0.1708333333333333,0.0,2.0833333333333335,64.79166666666667,8.674999999999999,951.7295833333334,0.0,0.0,11.5,2000-01-10 11:30:00,Low,Low,Low,Low,High,Low-Low
2021,1,11,2021-01-11 11:30:00,3.3166666666666664,0.041666666666666664,9.0,99.79166666666667,18.875,0.0,0.0,0.0,11.5,2000-01-11 11:30:00,Medium,Medium,High,High,Low,Medium-Medium
2021,1,12,2021-01-12 11:30:00,5.279166666666667,0.49166666666666664,34.291666666666664,63.791666666666664,18.795833333333334,457.02458333333334,0.0,0.0,11.5,2000-01-12 11:30:00,Medium,High,Low,High,Medium,Medium-High
2021,1,13,2021-01-13 11:30:00,2.858333333333333,0.004166666666666667,4.458333333333333,78.20833333333333,15.229166666666666,946.5570833333333,0.0,0.0,11.5,2000-01-13 11:30:00,Medium,Medium,Medium,Medium,High,Medium-Medium
2021,1,14,2021-01-14 11:30:00,1.4208333333333334,0.024999999999999998,9.0,97.875,10.679166666666667,39.693333333333335,0.0,0.0,11.5,2000-01-14 11:30:00,Low,Medium,High,Low,Low,Low-Medium
2021,1,15,2021-01-15 11:30:00,-1.850371707708594e-17,0.012500000000000002,8.375,84.20833333333333,8.883333333333333,727.6437500000001,0.0,0.0,11.5,2000-01-15 11:30:00,Low,Medium,Medium,Low,Medium,Low-Medium
2021,1,16,2021-01-16 11:30:00,-0.12083333333333335,0.11666666666666665,28.791666666666668,98.0,11.65,0.0,0.0,0.0,11.5,2000-01-16 11:30:00,Low,High,High,Medium,Low,Low-High
2021,1,17,2021-01-17 11:30:00,2.891666666666667,0.08333333333333333,26.375,66.45833333333333,11.179166666666667,702.4304166666667,0.0,0.0,11.5,2000-01-17 11:30:00,Medium,High,Low,Low,Medium,Medium-High
2021,1,18,2021-01-18 11:30:00,4.041666666666667,0.016666666666666666,8.833333333333334,92.16666666666667,16.929166666666667,307.58166666666665,0.0,0.0,11.5,2000-01-18 11:30:00,Medium,Medium,High,Medium,Medium,Medium-Medium
2021,1,19,2021-01-19 11:30:00,6.683333333333334,0.4458333333333333,35.083333333333336,99.08333333333333,27.208333333333332,0.0,0.0,0.0,11.5,2000-01-19 11:30:00,High,High,High,High,Low,High-High
2021,1,20,2021-01-20 11:30:00,8.933333333333334,0.020833333333333332,8.875,94.83333333333333,25.270833333333332,222.82583333333332,0.0,0.0,11.5,2000-01-20 11:30:00,High,Medium,High,High,Medium,High-Medium
2021,1,21,2021-01-21 11:30:00,8.316666666666666,0.35833333333333334,22.25,79.79166666666667,29.366666666666664,644.2508333333334,0.0,0.0,11.5,2000-01-21 11:30:00,High,High,Medium,High,Medium,High-High
2021,1,22,2021-01-22 11:30:00,3.5749999999999997,0.11666666666666668,9.416666666666666,94.16666666666667,14.0375,655.3870833333334,0.0,0.0,11.5,2000-01-22 11:30:00,Medium,High,High,Medium,Medium,Medium-High
2021,1,23,2021-01-23 11:30:00,2.8666666666666667,0.16666666666666666,18.791666666666668,92.29166666666667,11.1875,92.75,0.0,0.0,11.5,2000-01-23 11:30:00,Medium,High,High,Low,Low,Medium-High
2021,1,24,2021-01-24 11:30:00,1.5791666666666666,0.3166666666666667,33.708333333333336,92.45833333333333,13.9625,806.58625,0.0,0.0,11.5,2000-01-24 11:30:00,Low,High,High,Medium,High,Low-High
2021,1,25,2021-01-25 11:30:00,1.6458333333333333,0.18333333333333335,35.208333333333336,73.375,11.616666666666667,1093.8233333333333,0.0,0.0,11.5,2000-01-25 11:30:00,Low,High,Medium,Low,High,Low-High
2021,1,26,2021-01-26 11:30:00,3.4250000000000003,0.09999999999999999,22.791666666666668,85.125,17.620833333333334,907.6387500000001,0.0,0.0,11.5,2000-01-26 11:30:00,Medium,High,Medium,High,High,Medium-High
2021,1,27,2021-01-27 11:30:00,4.183333333333334,0.05833333333333333,23.25,100.0,16.712500000000002,0.0,0.0,0.0,11.5,2000-01-27 11:30:00,Medium,Medium,High,Medium,Low,Medium-Medium
2021,1,28,2021-01-28 11:30:00,5.925,0.7333333333333334,43.833333333333336,100.0,8.191666666666666,0.0,0.0,0.0,11.5,2000-01-28 11:30:00,High,High,High,Low,Low,High-High
2021,1,29,2021-01-29 11:30:00,8.25,0.3958333333333333,30.333333333333332,82.375,20.258333333333333,898.8979166666667,0.0,0.0,11.5,2000-01-29 11:30:00,High,High,Medium,High,High,High-High
2021,1,30,2021-01-30 11:30:00,1.3458333333333332,0.05416666666666667,26.0,97.58333333333333,17.104166666666668,71.92208333333333,0.0,0.0,11.5,2000-01-30 11:30:00,Low,Medium,High,Medium,Low,Low-Medium
2021,1,31,2021-01-31 11:30:00,-0.19583333333333333,0.0375,13.041666666666666,71.95833333333333,14.070833333333333,1132.2,0.0,0.0,11.5,2000-01-31 11:30:00,Low,Medium,Medium,Medium,High,Low-Medium
2022,1,1,2022-01-01 11:30:00,11.845833333333333,0.0,3.0,99.41666666666667,14.6,294.4008333333333,0.0,0.0,11.5,2000-01-01 11:30:00,High,Low,High,Medium,Medium,High-Low
2022,1,2,2022-01-02 11:30:00,11.391666666666666,0.375,38.208333333333336,81.79166666666667,22.270833333333332,824.58625,0.0,0.0,11.5,2000-01-02 11:30:00,High,High,Medium,High,High,High-High
2022,1,3,2022-01-03 11:30:00,8.733333333333333,0.07916666666666668,24.458333333333332,77.125,21.608333333333334,560.9758333333333,0.0,0.0,11.5,2000-01-03 11:30:00,High,Medium,Medium,High,Medium,High-Medium
2022,1,4,2022-01-04 11:30:00,6.4125000000000005,0.15833333333333333,29.416666666666668,99.95833333333333,12.125,0.0,0.0,0.0,11.5,2000-01-04 11:30:00,High,High,High,Medium,Low,High-High
2022,1,5,2022-01-05 11:30:00,3.516666666666667,0.21666666666666667,18.458333333333332,50.0,20.058333333333334,456.4579166666667,0.0,0.0,11.5,2000-01-05 11:30:00,Medium,High,Low,High,Medium,Medium-High
2022,1,6,2022-01-06 11:30:00,2.3291666666666666,0.004166666666666667,3.0833333333333335,36.166666666666664,12.262500000000001,990.8275,0.0,0.0,11.5,2000-01-06 11:30:00,Medium,Medium,Low,Medium,High,Medium-Medium
2022,1,7,2022-01-07 11:30:00,3.3791666666666664,0.13333333333333333,23.625,84.625,18.729166666666668,458.9008333333333,0.0,0.0,11.5,2000-01-07 11:30:00,Medium,High,Medium,High,Medium,Medium-High
2022,1,8,2022-01-08 11:30:00,2.8333333333333335,0.2333333333333333,31.666666666666668,76.58333333333333,18.25,0.0,0.0,0.0,11.5,2000-01-08 11:30:00,Medium,High,Medium,High,Low,Medium-High
2022,1,9,2022-01-09 11:30:00,4.066666666666666,0.30833333333333335,23.333333333333332,62.583333333333336,16.491666666666667,490.59833333333336,0.0,0.0,11.5,2000-01-09 11:30:00,Medium,High,Low,Medium,Medium,Medium-High
2022,1,10,2022-01-10 11:30:00,-0.225,0.0,0.875,29.916666666666668,6.870833333333334,998.7370833333333,0.0,0.0,11.5,2000-01-10 11:30:00,Low,Low,Low,Low,High,Low-Low
2022,1,11,2022-01-11 11:30:00,0.35833333333333334,0.0,2.9583333333333335,95.875,8.079166666666667,925.6495833333333,0.0,0.0,11.5,2000-01-11 11:30:00,Low,Low,High,Low,High,Low-Low
2022,1,12,2022-01-12 11:30:00,2.3125,0.020833333333333332,10.583333333333334,85.0,6.329166666666667,276.4375,0.0,0.0,11.5,2000-01-12 11:30:00,Medium,Medium,Medium,Low,Medium,Medium-Medium
2022,1,13,2022-01-13 11:30:00,1.7125000000000001,0.0,1.5833333333333333,53.25,9.183333333333334,807.2445833333333,0.0,0.0,11.5,2000-01-13 11:30:00,Low,Low,Low,Low,High,Low-Low
2022,1,14,2022-01-14 11:30:00,2.5833333333333335,0.0,1.375,46.083333333333336,6.791666666666667,711.4425,0.0,0.0,11.5,2000-01-14 11:30:00,Medium,Low,Low,Low,Medium,Medium-Low
2022,1,15,2022-01-15 11:30:00,1.7958333333333334,0.0,2.8333333333333335,92.625,7.5249999999999995,621.8204166666667,0.0,0.0,11.5,2000-01-15 11:30:00,Medium,Low,High,Low,Medium,Medium-Low
2022,1,16,2022-01-16 11:30:00,3.625,0.008333333333333333,6.958333333333333,97.20833333333333,14.479166666666666,512.0120833333334,0.0,0.0,11.5,2000-01-16 11:30:00,Medium,Medium,High,Medium,Medium,Medium-Medium
2022,1,17,2022-01-17 11:30:00,5.4875,0.0,2.375,78.20833333333333,12.762500000000001,257.09708333333333,0.0,0.0,11.5,2000-01-17 11:30:00,High,Low,Medium,Medium,Medium,High-Low
2022,1,18,2022-01-18 11:30:00,5.316666666666666,0.0,2.7083333333333335,89.41666666666667,5.554166666666667,412.67083333333335,0.0,0.0,11.5,2000-01-18 11:30:00,Medium,Low,Medium,Low,Medium,Medium-Low
2022,1,19,2022-01-19 11:30:00,2.7916666666666665,0.03333333333333333,10.333333333333334,78.04166666666667,13.608333333333334,0.0,0.0,0.0,11.5,2000-01-19 11:30:00,Medium,Medium,Medium,Medium,Low,Medium-Medium
2022,1,20,2022-01-20 11:30:00,3.0416666666666665,0.08333333333333333,16.75,58.666666666666664,15.075000000000001,854.5833333333334,0.0,0.0,11.5,2000-01-20 11:30:00,Medium,High,Low,Medium,High,Medium-High
2022,1,21,2022-01-21 11:30:00,2.058333333333333,0.020833333333333332,5.75,57.583333333333336,11.558333333333332,274.96708333333333,0.0,0.0,11.5,2000-01-21 11:30:00,Medium,Medium,Low,Low,Medium,Medium-Medium
2022,1,22,2022-01-22 11:30:00,4.804166666666666,0.0,3.0,99.875,12.454166666666666,0.0,0.0,0.0,11.5,2000-01-22 11:30:00,Medium,Low,High,Medium,Low,Medium-Low
2022,1,23,2022-01-23 11:30:00,4.241666666666666,0.0,2.8333333333333335,91.66666666666667,4.95,21.19,0.0,0.0,11.5,2000-01-23 11:30:00,Medium,Low,High,Low,Low,Medium-Low
2022,1,24,2022-01-24 11:30:00,0.6958333333333333,0.0,0.08333333333333333,3.6666666666666665,6.458333333333333,1120.9624999999999,0.0,0.0,11.5,2000-01-24 11:30:00,Low,Low,Low,Low,High,Low-Low
2022,1,25,2022-01-25 11:30:00,1.4166666666666667,0.0,2.8333333333333335,94.25,4.658333333333333,27.899999999999995,0.0,0.0,11.5,2000-01-25 11:30:00,Low,Low,High,Low,Low,Low-Low
2022,1,26,2022-01-26 11:30:00,2.6666666666666665,0.0,3.0,99.625,13.15,0.0,0.0,0.0,11.5,2000-01-26 11:30:00,Medium,Low,High,Medium,Low,Medium-Low
2022,1,27,2022-01-27 11:30:00,5.383333333333333,0.08333333333333333,18.458333333333332,74.20833333333333,20.55,0.0,0.0,0.0,11.5,2000-01-27 11:30:00,Medium,High,Medium,High,Low,Medium-High
2022,1,28,2022-01-28 11:30:00,5.145833333333333,0.0,2.2083333333333335,72.45833333333333,13.508333333333333,750.0,0.0,0.0,11.5,2000-01-28 11:30:00,Medium,Low,Medium,Medium,Medium,Medium-Low
2022,1,29,2022-01-29 11:30:00,8.5625,0.020833333333333332,12.625,86.91666666666667,23.775000000000002,59.645,0.0,0.0,11.5,2000-01-29 11:30:00,High,Medium,Medium,High,Low,High-Medium
2022,1,30,2022-01-30 11:30:00,5.120833333333334,0.0,1.5833333333333333,53.958333333333336,14.516666666666666,1142.5329166666668,0.0,0.0,11.5,2000-01-30 11:30:00,Medium,Low,Low,Medium,High,Medium-Low
2022,1,31,2022-01-31 11:30:00,5.204166666666667,0.32083333333333336,39.0,93.875,28.708333333333332,0.0,0.0,0.0,11.5,2000-01-31 11:30:00,Medium,High,High,High,Low,Medium-High
2023,1,1,2023-01-01 11:30:00,13.070833333333333,0.19999999999999998,29.333333333333332,100.0,21.416666666666668,232.38375,0.0,0.0,11.5,2000-01-01 11:30:00,High,High,High,High,Medium,High-High
2023,1,2,2023-01-02 11:30:00,9.954166666666667,0.2833333333333333,41.375,95.08333333333333,17.974999999999998,0.0,0.0,0.0,11.5,2000-01-02 11:30:00,High,High,High,High,Low,High-High
2023,1,3,2023-01-03 11:30:00,6.633333333333333,0.03333333333333333,6.375,75.29166666666667,16.775000000000002,396.77875,0.0,0.0,11.5,2000-01-03 11:30:00,High,Medium,Medium,Medium,Medium,High-Medium
2023,1,4,2023-01-04 11:30:00,10.8375,0.21666666666666667,37.5,99.70833333333333,29.45,0.0,0.0,0.0,11.5,2000-01-04 11:30:00,High,High,High,High,Low,High-High
2023,1,5,2023-01-05 11:30:00,9.9375,0.03333333333333333,16.75,91.08333333333333,18.425,430.49541666666664,0.0,0.0,11.5,2000-01-05 11:30:00,High,Medium,Medium,High,Medium,High-Medium
2023,1,6,2023-01-06 11:30:00,10.645833333333334,0.041666666666666664,12.875,90.16666666666667,19.9875,745.5245833333333,0.0,0.0,11.5,2000-01-06 11:30:00,High,Medium,Medium,High,Medium,High-Medium
2023,1,7,2023-01-07 11:30:00,9.933333333333334,0.020833333333333332,9.0,98.875,19.866666666666667,990.7970833333334,0.0,0.0,11.5,2000-01-07 11:30:00,High,Medium,High,High,High,High-Medium
2023,1,8,2023-01-08 11:30:00,8.666666666666666,0.075,16.083333333333332,70.75,19.329166666666666,951.1725,0.0,0.0,11.5,2000-01-08 11:30:00,High,Medium,Low,High,High,High-Medium
2023,1,9,2023-01-09 11:30:00,6.258333333333333,0.08333333333333333,16.375,70.25,19.791666666666668,600.0,0.0,0.0,11.5,2000-01-09 11:30:00,High,High,Low,High,Medium,High-High
2023,1,10,2023-01-10 11:30:00,5.804166666666667,0.17916666666666667,17.041666666666668,71.25,20.5625,174.49,0.0,0.0,11.5,2000-01-10 11:30:00,High,High,Medium,High,Medium,High-High
2023,1,11,2023-01-11 11:30:00,9.695833333333333,0.25,28.958333333333332,71.20833333333333,23.991666666666664,913.48875,0.0,0.0,11.5,2000-01-11 11:30:00,High,High,Medium,High,High,High-High
2023,1,12,2023-01-12 11:30:00,9.554166666666667,1.3,56.25,97.08333333333333,30.40416666666667,0.0,0.0,0.0,11.5,2000-01-12 11:30:00,High,High,High,High,Low,High-High
2023,1,13,2023-01-13 11:30:00,7.9375,0.016666666666666666,7.5,50.75,25.329166666666666,892.7245833333333,0.0,0.0,11.5,2000-01-13 11:30:00,High,Medium,Low,High,High,High-Medium
2023,1,14,2023-01-14 11:30:00,8.575000000000001,0.4583333333333333,40.833333333333336,99.125,25.587500000000002,0.0,0.0,0.0,11.5,2000-01-14 11:30:00,High,High,High,High,Low,High-High
2023,1,15,2023-01-15 11:30:00,6.008333333333333,0.016666666666666666,6.208333333333333,74.08333333333333,25.679166666666664,1029.3,0.0,0.0,11.5,2000-01-15 11:30:00,High,Medium,Medium,High,High,High-Medium
2023,1,16,2023-01-16 11:30:00,4.316666666666666,0.3666666666666667,38.875,93.0,19.133333333333333,8.78625,0.0,0.0,11.5,2000-01-16 11:30:00,Medium,High,High,High,Low,Medium-High
2023,1,17,2023-01-17 11:30:00,-0.14583333333333334,0.12916666666666668,15.958333333333334,40.958333333333336,11.1625,1064.0616666666667,0.0,0.0,11.5,2000-01-17 11:30:00,Low,High,Low,Low,High,Low-High
2023,1,18,2023-01-18 11:30:00,-0.21250000000000002,0.0,1.125,39.75,13.674999999999999,1071.2416666666666,0.0,0.0,11.5,2000-01-18 11:30:00,Low,Low,Low,Medium,High,Low-Low
2023,1,19,2023-01-19 11:30:00,1.2041666666666666,0.1625,26.208333333333332,65.25,15.129166666666668,955.3154166666667,0.0,0.0,11.5,2000-01-19 11:30:00,Low,High,Low,Medium,High,Low-High
2023,1,20,2023-01-20 11:30:00,0.0,0.2833333333333334,21.541666666666668,63.291666666666664,11.795833333333334,54.212916666666665,0.0,0.0,11.5,2000-01-20 11:30:00,Low,High,Low,Medium,Low,Low-High
2023,1,21,2023-01-21 11:30:00,-0.40833333333333327,0.0,1.625,53.791666666666664,11.637500000000001,598.8291666666667,0.0,0.0,11.5,2000-01-21 11:30:00,Low,Low,Low,Medium,Medium,Low-Low
2023,1,22,2023-01-22 11:30:00,0.32916666666666666,0.0,2.9583333333333335,98.625,12.366666666666667,0.0,0.0,0.0,11.5,2000-01-22 11:30:00,Low,Low,High,Medium,Low,Low-Low
2023,1,23,2023-01-23 11:30:00,2.379166666666667,0.0,2.9166666666666665,97.04166666666667,10.1625,163.20374999999999,0.0,0.0,11.5,2000-01-23 11:30:00,Medium,Low,High,Low,Medium,Medium-Low
2023,1,24,2023-01-24 11:30:00,1.6416666666666666,0.0,2.9583333333333335,97.66666666666667,9.429166666666667,355.8358333333333,0.0,0.0,11.5,2000-01-24 11:30:00,Low,Low,High,Low,Medium,Low-Low
2023,1,25,2023-01-25 11:30:00,-0.6166666666666667,0.0,3.0,100.0,5.258333333333334,266.39958333333334,0.0,0.0,11.5,2000-01-25 11:30:00,Low,Low,High,Low,Medium,Low-Low
2023,1,26,2023-01-26 11:30:00,2.0375,0.05000000000000001,21.833333333333332,100.0,9.191666666666666,152.03291666666667,0.0,0.0,11.5,2000-01-26 11:30:00,Medium,Medium,High,Low,Medium,Medium-Medium
2023,1,27,2023-01-27 11:30:00,3.225,0.0,3.0,100.0,14.483333333333334,0.0,0.0,0.0,11.5,2000-01-27 11:30:00,Medium,Low,High,Medium,Low,Medium-Low
2023,1,28,2023-01-28 11:30:00,1.2375,0.0,2.875,95.95833333333333,6.716666666666666,296.88208333333336,0.0,0.0,11.5,2000-01-28 11:30:00,Low,Low,High,Low,Medium,Low-Low
2023,1,29,2023-01-29 11:30:00,1.6375,0.0,2.9583333333333335,96.95833333333333,14.725,0.0,0.0,0.0,11.5,2000-01-29 11:30:00,Low,Low,High,Medium,Low,Low-Low
2023,1,30,2023-01-30 11:30:00,5.695833333333333,0.05833333333333333,13.583333333333334,46.333333333333336,21.920833333333334,1164.3487499999999,0.0,0.0,11.5,2000-01-30 11:30:00,High,Medium,Low,High,High,High-Medium
2023,1,31,2023-01-31 11:30:00,4.8999999999999995,0.02916666666666667,12.0,65.04166666666667,19.679166666666667,150.0,0.0,0.0,11.5,2000-01-31 11:30:00,Medium,Medium,Low,High,Low,Medium-Medium
2024,1,1,2024-01-01 11:30:00,6.979166666666667,0.14583333333333334,17.416666666666668,83.08333333333333,23.766666666666666,779.9050000000001,0.0,0.0,11.5,2000-01-01 11:30:00,High,High,Medium,High,High,High-High
2024,1,2,2024-01-02 11:30:00,10.204166666666667,0.7916666666666666,44.333333333333336,88.25,28.791666666666668,0.0,0.0,0.0,11.5,2000-01-02 11:30:00,High,High,Medium,High,Low,High-High
2024,1,3,2024-01-03 11:30:00,8.637500000000001,0.41250000000000003,36.333333333333336,83.25,25.208333333333332,221.76416666666668,0.0,0.0,11.5,2000-01-03 11:30:00,High,High,Medium,High,Medium,High-High
2024,1,4,2024-01-04 11:30:00,7.2625,0.19999999999999998,39.333333333333336,98.95833333333333,16.566666666666666,247.80041666666668,0.0,0.0,11.5,2000-01-04 11:30:00,High,High,High,Medium,Medium,High-High
2024,1,5,2024-01-05 11:30:00,7.083333333333333,0.10416666666666667,24.708333333333332,88.41666666666667,20.641666666666666,0.0,0.0,0.0,11.5,2000-01-05 11:30:00,High,High,Medium,High,Low,High-High
2024,1,6,2024-01-06 11:30:00,3.545833333333333,0.020833333333333332,12.958333333333334,98.95833333333333,11.7875,0.0,0.0,0.0,11.5,2000-01-06 11:30:00,Medium,Medium,High,Medium,Low,Medium-Medium
2024,1,7,2024-01-07 11:30:00,-0.325,0.004166666666666667,4.0,66.58333333333333,15.579166666666667,300.25875,0.0,0.0,11.5,2000-01-07 11:30:00,Low,Medium,Low,Medium,Medium,Low-Medium
2024,1,8,2024-01-08 11:30:00,-2.8708333333333336,0.004166666666666667,4.75,63.375,19.258333333333333,452.0083333333334,0.0,0.0,11.5,2000-01-08 11:30:00,Low,Medium,Low,High,Medium,Low-Medium
2024,1,9,2024-01-09 11:30:00,-4.0249999999999995,0.0,0.0,0.0,18.158333333333335,1005.1045833333333,0.0,0.0,11.5,2000-01-09 11:30:00,Low,Low,Low,High,High,Low-Low
2024,1,10,2024-01-10 11:30:00,-3.7624999999999997,0.0,0.375,12.958333333333334,10.704166666666666,995.0191666666666,0.0,0.0,11.5,2000-01-10 11:30:00,Low,Low,Low,Low,High,Low-Low
2024,1,11,2024-01-11 11:30:00,-2.8625000000000003,0.0,1.2916666666666667,41.958333333333336,6.683333333333334,996.8816666666667,0.0,0.0,11.5,2000-01-11 11:30:00,Low,Low,Low,Low,High,Low-Low
2024,1,12,2024-01-12 11:30:00,1.0374999999999999,0.0,2.9166666666666665,94.45833333333333,4.983333333333333,213.62375,0.0,0.0,11.5,2000-01-12 11:30:00,Low,Low,High,Low,Medium,Low-Low
2024,1,13,2024-01-13 11:30:00,2.3208333333333333,0.004166666666666667,5.0,100.0,14.795833333333334,0.0,0.0,0.0,11.5,2000-01-13 11:30:00,Medium,Medium,High,Medium,Low,Medium-Medium
2024,1,14,2024-01-14 11:30:00,1.0708333333333333,0.10416666666666667,33.75,99.66666666666667,18.0125,0.0,0.0,0.0,11.5,2000-01-14 11:30:00,Low,High,High,High,Low,Low-High
2024,1,15,2024-01-15 11:30:00,0.9125,0.1125,30.916666666666668,61.208333333333336,18.304166666666667,463.8570833333333,0.0,0.0,11.5,2000-01-15 11:30:00,Low,High,Low,High,Medium,Low-High
2024,1,16,2024-01-16 11:30:00,-1.0875,0.03333333333333333,10.666666666666666,69.5,13.895833333333334,675.4558333333333,0.0,0.0,11.5,2000-01-16 11:30:00,Low,Medium,Low,Medium,Medium,Low-Medium
2024,1,17,2024-01-17 11:30:00,-2.2916666666666665,0.04583333333333334,22.916666666666668,100.0,6.216666666666666,0.0,0.0,0.0,11.5,2000-01-17 11:30:00,Low,Medium,High,Low,Low,Low-Medium
2024,1,18,2024-01-18 11:30:00,-1.2916666666666667,0.0,0.875,30.208333333333332,8.141666666666667,1069.0874999999999,0.0,0.0,11.5,2000-01-18 11:30:00,Low,Low,Low,Low,High,Low-Low
2024,1,19,2024-01-19 11:30:00,-0.9,0.0,0.125,6.416666666666667,13.333333333333334,1076.96875,0.0,0.0,11.5,2000-01-19 11:30:00,Low,Low,Low,Medium,High,Low-Low
2024,1,20,2024-01-20 11:30:00,-2.3249999999999997,0.0,1.5416666666666667,53.583333333333336,14.375,1084.7629166666668,0.0,0.0,11.5,2000-01-20 11:30:00,Low,Low,Low,Medium,High,Low-Low
2024,1,21,2024-01-21 11:30:00,3.6,0.0,2.9583333333333335,98.5,25.2625,150.0,0.0,0.0,11.5,2000-01-21 11:30:00,Medium,Low,High,High,Low,Medium-Low
2024,1,22,2024-01-22 11:30:00,8.929166666666667,0.2708333333333333,27.416666666666668,67.45833333333333,31.629166666666666,566.4804166666667,0.0,0.0,11.5,2000-01-22 11:30:00,High,High,Low,High,Medium,High-High
2024,1,23,2024-01-23 11:30:00,7.325,0.13333333333333333,20.166666666666668,64.04166666666667,24.291666666666668,580.23375,0.0,0.0,11.5,2000-01-23 11:30:00,High,High,Low,High,Medium,High-High
2024,1,24,2024-01-24 11:30:00,10.045833333333333,0.06666666666666667,18.958333333333332,93.95833333333333,28.025000000000002,881.8849999999999,0.0,0.0,11.5,2000-01-24 11:30:00,High,Medium,High,High,High,High-Medium
2024,1,25,2024-01-25 11:30:00,6.5,0.041666666666666664,12.708333333333334,90.45833333333333,11.541666666666666,76.15416666666667,0.0,0.0,11.5,2000-01-25 11:30:00,High,Medium,Medium,Low,Low,High-Medium
2024,1,26,2024-01-26 11:30:00,7.6125,0.15,14.25,52.375,20.704166666666666,593.2120833333333,0.0,0.0,11.5,2000-01-26 11:30:00,High,High,Low,High,Medium,High-High
2024,1,27,2024-01-27 11:30:00,2.4166666666666665,0.0,1.625,53.583333333333336,9.5375,1118.4183333333333,0.0,0.0,11.5,2000-01-27 11:30:00,Medium,Low,Low,Low,High,Medium-Low
2024,1,28,2024-01-28 11:30:00,3.654166666666667,0.0,1.7916666666666667,59.125,10.4625,1152.2991666666667,0.0,0.0,11.5,2000-01-28 11:30:00,Medium,Low,Low,Low,High,Medium-Low
2024,1,29,2024-01-29 11:30:00,7.491666666666667,0.0,2.875,93.91666666666667,11.233333333333334,989.5141666666667,0.0,0.0,11.5,2000-01-29 11:30:00,High,Low,High,Low,High,High-Low
2024,1,30,2024-01-30 11:30:00,8.870833333333334,0.004166666666666667,5.0,99.0,15.991666666666667,300.0,0.0,0.0,11.5,2000-01-30 11:30:00,High,Medium,High,Medium,Medium,High-Medium
2024,1,31,2024-01-31 11:30:00,6.241666666666667,0.0,3.0,98.83333333333333,13.875,346.27833333333336,0.0,0.0,11.5,2000-01-31 11:30:00,High,Low,High,Medium,Medium,High-Low
